row_idx,label,caption,source_url,local_path,sha256
147,authentic,There is no evidence of any manipulation in this image.,https://datasets-server.huggingface.co/cached-assets/lorenzo-morelli/image-splicing-deepfake-mix/--/a071f3badf3b54c39b0ffa63d28ba35842515657/--/default/train/147/image/image.jpg?Expires=1772789147&Signature=Y0yXIkklEQk8oDvBkAHQ-A1Ev31UoHF8WfeJlvUTFZN9dJp4LOmcQHzgEy9UOfyIhhA8DwXC81MXFtYB0umSbHoZXr4Ag7krUa0NodNk01S5pz9K59MNisDub9Prnl3aXKIXikeaBIT8QpV1PKYvPkKUWrNW7K8EQhNgpuKoAxanFbz0sy2zqBcDhQjyMx1zc1SZF4JIcSWY4T2m-n~gi73U-0y7hhTD9-a1-c7QRhC2pqKpuBmrCM2T1r9n8VGtJMc2kbZfIn2iO3TD8L1aBStTeotuVH9CMp28w9Yd1tnvIA78SspFceZCuGGJoLXmYCdozAwPcRIo8smJ26Qzrw__&Key-Pair-Id=K3EI6M078Z3AC3,E:\Freelance\Research\D11_9_2025_Image_fixed_Detect\Project\T07FakeMediaDetect\sample_sets\external_hf_splicing_mix_100\authentic\authentic_01_row147.jpg,d79cb513d09908499091c507c1cc9ffbe74af2fe1904e4a48b94b965534f1304
145,authentic,The image seems to be an original and unedited photograph.,https://datasets-server.huggingface.co/cached-assets/lorenzo-morelli/image-splicing-deepfake-mix/--/a071f3badf3b54c39b0ffa63d28ba35842515657/--/default/train/145/image/image.jpg?Expires=1772789147&Signature=evpSjSnsWNlHvAQlnTxo4pz8Ws6NS784TN4k0Q3PjsqYZ9MTn7DAKMurXL8egDJcit-9iQCgZrWbam8yq0astTxRn7ONHHWC5iypg6cZHPmSe-CyB7tvaNLOrVmZvi~xPCsacwzx1DES0~TjVV-jx4hOUE8jpi~-bUv3lBU~LLJWxjnfW~QHAVVFFKwALdCWygHBu~YzOHZf8zw1ppo6qtkGWtDpJH7Wjhh9~5Cae6Op9d6HNzV7ARhFc9Rs-hLmbIoM7As1dE02aDWzPtzCbLRtZfNlXT8LDBqcU73eRzFRqg-lezB-t~zm4ngjjxEphO~1FIQ~3ia9qJhvF0Gghg__&Key-Pair-Id=K3EI6M078Z3AC3,E:\Freelance\Research\D11_9_2025_Image_fixed_Detect\Project\T07FakeMediaDetect\sample_sets\external_hf_splicing_mix_100\authentic\authentic_02_row145.jpg,9c9a96a22686923aa43cc9ac6de2cac31fafd34ef73688940d0e94543473e92c
92,forged,No signs of tampering are detected in this image.,https://datasets-server.huggingface.co/cached-assets/lorenzo-morelli/image-splicing-deepfake-mix/--/a071f3badf3b54c39b0ffa63d28ba35842515657/--/default/train/92/image/image.jpg?Expires=1772789145&Signature=LolBEB1JUIDeTzKAYCid813FhicQfi3~KQW4PZtyrAQw-R5MXR2lSWHxxvCw2TOZ09og1uDYtqIRv2xnIbOkX2eyrqW3sg8yIOA7EZ-XEDHKp9k-tnny2M82TJvNqDX~5Q1uWd~CtLj1kVuqI~~O7K45~yLPh0ztaPIr1fnitWCkrFFwEkmHSuMN0Z4wxLl9hIYjnFo58D6kGxXrlXH5t4Vu5BfyFLujPb0G1LTlUfbc3DrI~EsmHeyAA0Up2zzpyu0KAOqZOIlSmMmJQk4f-HHkCihQfDtIz0bZmpaD5RfoV60onFIcorGMJs2hqGziv8e1FwMl4Bg9WVL0CQcCtQ__&Key-Pair-Id=K3EI6M078Z3AC3,E:\Freelance\Research\D11_9_2025_Image_fixed_Detect\Project\T07FakeMediaDetect\sample_sets\external_hf_splicing_mix_100\forged\forged_01_row92.jpg,db59ae3b62ea57f5e82a41957806a532bde1643808bc73d5a404abb8ac0036a6
17,authentic,No signs of digital manipulation are visible in this image.,https://datasets-server.huggingface.co/cached-assets/lorenzo-morelli/image-splicing-deepfake-mix/--/a071f3badf3b54c39b0ffa63d28ba35842515657/--/default/train/17/image/image.jpg?Expires=1772789144&Signature=DO~kjK5GRu5djPTepOzfGr444YwTkhXv9HY1qRd3hZGG~3o5WRVD4DrVjH7~buR-4Vf3JgQb4euX6ytPOpPpq8-O2beuVKCvs0Ai5zdiaCwHl6GeK0pjgzXZMD7F~QG~I3W-rp-ULRdUMFRa-8~DE2PNfjPxAKIDMbPxuqDmRysXcTMPdk6nbUiALVoahCMrCK4Yvv1cNcF~b8Jas0xvMnARkTJdrTMvOtJUu-hr0vqhxlsUD1Kq0Dl3gKqCgSSAuQbI~aJajvIR7v4pxUlstiJipsVOJ6dlZPSHYrM~x6dJP7Ao-hz9-ZiH~fgJIp-lAz4hwQ57Efk81Njgwl9MIQ__&Key-Pair-Id=K3EI6M078Z3AC3,E:\Freelance\Research\D11_9_2025_Image_fixed_Detect\Project\T07FakeMediaDetect\sample_sets\external_hf_splicing_mix_100\authentic\authentic_03_row17.jpg,8b37992365467fa3ba313d949263ef41b94abf6d8a91312937232b365d486cb6
37,forged,"This clearly shows that a fish with a tail was improperly integrated, revealing tampering.",https://datasets-server.huggingface.co/cached-assets/lorenzo-morelli/image-splicing-deepfake-mix/--/a071f3badf3b54c39b0ffa63d28ba35842515657/--/default/train/37/image/image.jpg?Expires=1772789145&Signature=AP5oUVlrP1jsRTl7BDkySDXn3xSimmvh9-eQdoLxgE3AIRrJjDlYl4AzWb5tbN0k~~k6W-XYdlAR96VG6aEVf5shGmj-ZdSoWCct7zLulmgELWkitPsYpwv~viuCwbzzEH3EYDUJr4poS8oYp1GeHso4lBlXPrE-loW97WHydNT0crqGibn3XwdYVlLiPHBRuY4przdiksUP962Q9UJ0TwckBc6LGPiMkjEcRTonzFWriJWWe4NMKzZpZIfRjDIh2hV3YJ9QILDhbo~XrfgfYCSd50ZsNUYaB8QDy4q5bAfbWjZ3jVVSy~X8yTT23djlEY1v2tGlSNcGYLZL5ANXxg__&Key-Pair-Id=K3EI6M078Z3AC3,E:\Freelance\Research\D11_9_2025_Image_fixed_Detect\Project\T07FakeMediaDetect\sample_sets\external_hf_splicing_mix_100\forged\forged_02_row37.jpg,21c9f34d532263ddd22b6d4f700ec90fdc99cd0b739839aac87617146cb3d809
1,forged,"This picture is a fake, as, indicating that a picture of a bottle of liquid was artificially inserted.",https://datasets-server.huggingface.co/cached-assets/lorenzo-morelli/image-splicing-deepfake-mix/--/a071f3badf3b54c39b0ffa63d28ba35842515657/--/default/train/1/image/image.jpg?Expires=1772789144&Signature=py2Rf8AdE2eNTLzVdWRO9aaq0y48d0AMQ5K4Ircrm-MXvkojXDDFpkR7FuaZuqpEqp41gB-fMDQltPbE3U3EYmv6CpT0m8Wk-iXQDoWie-is2rlTCXiSYULF7gyUp6C3aqY8pXn4KhD050AYsyLRKUhLHw2GvlGjM-G8V8UCePM80jH6eAVNyhWhRISlZ2VWCi8rmlP9WomCeO7FWDBjPUjEbLKa6AFOIbSluNzquglixLpBjWndwuuBwcCH-Kc4FhS7PdZUbhzgMY1DvykGonF9glpzT4dNknFFPJzFAhGnXuehHxKFd3YHYkRqQneTNdzH6gyDzOD1vsopiE62qQ__&Key-Pair-Id=K3EI6M078Z3AC3,E:\Freelance\Research\D11_9_2025_Image_fixed_Detect\Project\T07FakeMediaDetect\sample_sets\external_hf_splicing_mix_100\forged\forged_03_row1.jpg,bb11227784d6d6fadb7c7888949aefc60ebb94bedcafe71d6868ab5a2d70b3d2
4,authentic,The image seems to be an original and unedited photograph.,https://datasets-server.huggingface.co/cached-assets/lorenzo-morelli/image-splicing-deepfake-mix/--/a071f3badf3b54c39b0ffa63d28ba35842515657/--/default/train/4/image/image.jpg?Expires=1772789145&Signature=RHXudYkvrligdOk0Uc~z9l79sAyVToHueqf0uO1L~JWIxBc9jvpoVGTCl2YvfMyzmHRH4Tc-gI2NpzMkDjVPDwviAWnVal78ClrfFYyHPdIb0SDcRVyHqQT5nyrEi0tMNlot48SaUueqwgUXyuc669ZVTnsn~xZg5dcbbZOW9pdp9VkEuzBKdVdQjA45uh9Ccn~38yU4iG1nvYoBsH1I2af1cujsuUrDdoUE6aJi6L0nwPgcmw8LWhTMVviHubTFaD9RZHGp3RlrlFao03CA5iwMPiULBTJmwJcSKNPZOFxnWUfbpIdxUD0pitrwb7ZB8kCVjNXC07rJiPVctpVDYA__&Key-Pair-Id=K3EI6M078Z3AC3,E:\Freelance\Research\D11_9_2025_Image_fixed_Detect\Project\T07FakeMediaDetect\sample_sets\external_hf_splicing_mix_100\authentic\authentic_04_row4.jpg,556fb01581dfdba29ab55a731ec76ecb001c5bea7af670472ef76b79967f2d18
54,forged,This clearly shows that a child sitting on the floor was inserted post-capture.,https://datasets-server.huggingface.co/cached-assets/lorenzo-morelli/image-splicing-deepfake-mix/--/a071f3badf3b54c39b0ffa63d28ba35842515657/--/default/train/54/image/image.jpg?Expires=1772789145&Signature=xiny2h3kHwyKhEFsrPD9UBFJKs~UO512WAnOlSttFLVVUTYaIR86tz2CdIYv2RKMKP00mMpeGwVdv~5Bduo~NcWkLA8nA3c4VdfQovsSJoMtavsFHaNAU2l5adv7CJvaWovhTpz0r8n1HsD-Rtz60t1njsMaeYM1V~zhksvPlBy9XAWtb2pth7VcQTBETsSW6mNnwQwr4VCzluS3rBZD2F-fZwK-cM3A7o~coyX1WIx9mRqTz5QhKJuIH3a5Cpv9-ahokgX-BJ-2x7Vlq3UWMnYgJMh4zSyDqN4wTFAolOtEhqcNwGiKc-BfvdsLx6PkWK9DlrA8DE46RVyAMf8wIA__&Key-Pair-Id=K3EI6M078Z3AC3,E:\Freelance\Research\D11_9_2025_Image_fixed_Detect\Project\T07FakeMediaDetect\sample_sets\external_hf_splicing_mix_100\forged\forged_04_row54.jpg,688c6d2ad094860e2f2126eb74d7f8bb1e90fc0e81c7decfc237c7cd392019dd
31,authentic,No signs of digital manipulation are visible in this image.,https://datasets-server.huggingface.co/cached-assets/lorenzo-morelli/image-splicing-deepfake-mix/--/a071f3badf3b54c39b0ffa63d28ba35842515657/--/default/train/31/image/image.jpg?Expires=1772789144&Signature=cfborqqHV7FguJzgu32TTA7qi4ra4VVatFj0Y0T5j3hpjrjf2di7L43-1M44WizxXb0ABmROg0ofwGPJVEIc8ZKdEwuND0poa64N8iXIMIy9Gu7lihCrCiMBtxp0gTj5w~eDzTK~tM-0OM3uMtJqQKWJanqn0JIam9qS9qhGm8eqDqxuu89HB2HBy3VIkXt6ZAkPWDS2gKJ4kyVDD2tCjNJRqHRYGDbUmJFy37H~EMsaGNXIShG49i1WEV7dckk5jXD9Z9VSkZ5hT8cp6Cu48ltDogyn4llfUaNoi1s9NDQvqrNQrI8pfNcQzsI5VNeIMFENSk98l3ueiGqST7OXSA__&Key-Pair-Id=K3EI6M078Z3AC3,E:\Freelance\Research\D11_9_2025_Image_fixed_Detect\Project\T07FakeMediaDetect\sample_sets\external_hf_splicing_mix_100\authentic\authentic_05_row31.jpg,2a0f35d791c3bbd09ef476b99659b1131184759e52b2c19a3f085949097fdae2
72,forged,Careful inspection reveals that a monkey sitting on a branch was spliced into the image.,https://datasets-server.huggingface.co/cached-assets/lorenzo-morelli/image-splicing-deepfake-mix/--/a071f3badf3b54c39b0ffa63d28ba35842515657/--/default/train/72/image/image.jpg?Expires=1772789145&Signature=tYLEn1AeC0CqLWYjqV5IalDe6VpBg6OqJbDo17QLuHiJ-NMYjmJnW41aUH2PG7s2UrD6C~fGL1IuKuGIz5D4gyrqnk-Myr4yfiHwTxaVRYK0UquR2U3PNRVpOQFRp0yQwR7En8TG6WIQm-KfkK--XGUKDwVusOYRr9cEVo-6puWb7Gfgqx~rT~CIGxfRl~clhzMe6siu5NWcIEuaC7YPhnKdsci-vLSqpdQcLqy6uDE4Hi14QmSFFabbpji3gMzhsigJT~TflJ9iOzMaQJRqscoBkPPzfoorHXvjoWjtmYsaKPVq2RPatKw34-ypXSvsV5AKT78y2gckwgxl~yEZWQ__&Key-Pair-Id=K3EI6M078Z3AC3,E:\Freelance\Research\D11_9_2025_Image_fixed_Detect\Project\T07FakeMediaDetect\sample_sets\external_hf_splicing_mix_100\forged\forged_05_row72.jpg,de54d7c0e8085ba14c7279798991c9d663317a97212aea8adce8c813fec5a77d
64,forged,It is evident that a picture of a clock was introduced from another source.,https://datasets-server.huggingface.co/cached-assets/lorenzo-morelli/image-splicing-deepfake-mix/--/a071f3badf3b54c39b0ffa63d28ba35842515657/--/default/train/64/image/image.jpg?Expires=1772789145&Signature=z1OsRQoS1f59qzWJmevC7WEQcYZsrNjR4a92zLXGr~4aPfUjKiHodQR~OUHDdayDL3bFiH6Fja3O57HMEXwZNgTa8S4Rj1lT2Ymfw0Vy~xC5wlSbg~fLVOtoxIW~FdxBJ78tl55VUJU7qI7cNVvfAh3tUxzjk7VKsZnbtuR1qIo3gnJNdAAJt1DFLWPK3VsJGjz1f0iWkyjEgVu4EnknsDNqh85T2X56S7y3zP50X4r~EI5b-k7lZ0am5HdJSTGHSExd9JyNiP9kgd71~OwrFf3iUqTfZKlf8hKn9Z-AN1IXUbUDPl7f-qGwCEiz4rkxmnTEkcG61doLOQ2lQIeceQ__&Key-Pair-Id=K3EI6M078Z3AC3,E:\Freelance\Research\D11_9_2025_Image_fixed_Detect\Project\T07FakeMediaDetect\sample_sets\external_hf_splicing_mix_100\forged\forged_06_row64.jpg,5c8b38f60eb30d384515c6ddd922174f8b23914e43845c1d3766a273443275de
23,authentic,The image appears to be unmodified.,https://datasets-server.huggingface.co/cached-assets/lorenzo-morelli/image-splicing-deepfake-mix/--/a071f3badf3b54c39b0ffa63d28ba35842515657/--/default/train/23/image/image.jpg?Expires=1772789144&Signature=Rcs8ON~2qeoCAWRE~M0dycRoAcqLYLf2m4D7ICMSwlqX0iC5mVmSECbGbSXFxGHiOpObbErv3GY22KFVlGwUXUgspYemOVS7FCvukY9TwEjvspIhPPHnhmsr6o~VYda75~Q6XdcHZYHW6b9r~6JxDTmXu1pKObB-t7NHpydlXwd0X50X72AWjPCw0hJt4hCgU8AHWRXgSz9psdit6FGpGqD9wf8jx0-ypTQLf-zac19l3~7dTKyCN3EAroSQBEZUkJHD88HqtTvdntCp6pkxKcwXrRsmQ2QS7sBfa49JLrk1x1D3iHgFfhVQHoV-1smqIo-BPkmaSggzv7Ws~9Ao7A__&Key-Pair-Id=K3EI6M078Z3AC3,E:\Freelance\Research\D11_9_2025_Image_fixed_Detect\Project\T07FakeMediaDetect\sample_sets\external_hf_splicing_mix_100\authentic\authentic_06_row23.jpg,2913ff3448406f4a2f06020fbaf0e49ad362ab742969fc35c464abead0a310b4
10,forged,A closer look confirms that a blurry image of a plane was digitally stitched into place.,https://datasets-server.huggingface.co/cached-assets/lorenzo-morelli/image-splicing-deepfake-mix/--/a071f3badf3b54c39b0ffa63d28ba35842515657/--/default/train/10/image/image.jpg?Expires=1772789144&Signature=VrSxFqUYlhPPCaWg5OQrjaEEGqYfUYw8vYWvpOGd1t4ziEw~2JUlwwPgQiwLxtSCOK9e8CKpSMxbzT92N0UOtjZkBg-YSvZ7fIwEu2IdfuRcT0YDGjaIoN7wVMeSKb3qsxg~~~WhxHZBGQCh9sTLvj33M518sbRuo9UP9AtbM8VX-WejHILv02fDZE1u2s2f2CJJPSPLTE42xhHW-U9rzhM2ovVjg-zRFQ9~zmeCJHJqjyQnnfRqqmYVVovyCdeC8Kc-XWQoxcGJmxPD~XHYp64aHo3Ks4zhIja~OYI1xECL6cvSjsVFbNL4FbJMqFhDA0lbXLnqusKLuxUF21B~3g__&Key-Pair-Id=K3EI6M078Z3AC3,E:\Freelance\Research\D11_9_2025_Image_fixed_Detect\Project\T07FakeMediaDetect\sample_sets\external_hf_splicing_mix_100\forged\forged_07_row10.jpg,d99b08a0a7ddd0e955fd7ce65682016191c2198cc561e0b45c109e94ba8226f7
11,forged,A closer look confirms that a plane with a red stripe was copied and pasted into this scene.,https://datasets-server.huggingface.co/cached-assets/lorenzo-morelli/image-splicing-deepfake-mix/--/a071f3badf3b54c39b0ffa63d28ba35842515657/--/default/train/11/image/image.jpg?Expires=1772789144&Signature=DecADqsKXzBwFWW2SEuLmn4tX3w0Ea7tq4vJVMciyOutug1VFE0nogmxVOrLfDQZ2rwIfMLKuTznMOBPU4aQUWZGsujFcnxVfQQYMjOi56VVmSzskpoDdqBBV8LG3XhA3Z-c84X3V28f5jvogodsqExs79rU8URKd-PfIP1f-XNI0kxipsX2NV8p0usiaxul4xEC41K4oGz6Jk6Jr00aPHtD3bm3cnJsvpEdy6Mb1daDPKGFKBAyMwYr2DFATwZIthCTwV-L1JyyaGDgawDOaDZgiunqFFFMOFwIlrjMhfsp8Q8htMPU0HdjBYUzlhOWf3VpM6CiuXqjW9FxAqkinw__&Key-Pair-Id=K3EI6M078Z3AC3,E:\Freelance\Research\D11_9_2025_Image_fixed_Detect\Project\T07FakeMediaDetect\sample_sets\external_hf_splicing_mix_100\forged\forged_08_row11.jpg,bb8d36988bdc2200466661e772adafaf45adc337ef5cfc334064131308b39cd6
62,forged,No signs of tampering are detected in this image.,https://datasets-server.huggingface.co/cached-assets/lorenzo-morelli/image-splicing-deepfake-mix/--/a071f3badf3b54c39b0ffa63d28ba35842515657/--/default/train/62/image/image.jpg?Expires=1772789145&Signature=epoJzlXdqt7tPwGwQqT5sUeI29HCQ0-txby3SZeUInGS1G~v8cUrhQRVFzDaAMZ-X9JqhJpWfHexb4gu3sKNqECOg8sFXnSrXlVjOFAWhUv6hD2TeGErZAVO3ZznCrJHiQjblLVw-TpsypN9xxFOAZeSHm8C-UKbT0oSnTWpQy71NEZvW9UDz5kjxxyJouwKlDoFLuf-Tz6YnXg0DIhJLiRA1rf8MRw~3r7W9dNBS~~g2FrPawEzDQjWtfb9Vu1YDJq8X5Uqctn~qluKIMh0V0Bs4SXT~BEiaIdGvTifeKJ0WHiH1Cp5oygq-SaC8CW1H6xApWD143IaFytU5eFweg__&Key-Pair-Id=K3EI6M078Z3AC3,E:\Freelance\Research\D11_9_2025_Image_fixed_Detect\Project\T07FakeMediaDetect\sample_sets\external_hf_splicing_mix_100\forged\forged_09_row62.jpg,1c7d4b4733ee622aab42a57ac57490ae337eec69f3efd0094283c40493d46e13
157,authentic,The image seems to be an original and unedited photograph.,https://datasets-server.huggingface.co/cached-assets/lorenzo-morelli/image-splicing-deepfake-mix/--/a071f3badf3b54c39b0ffa63d28ba35842515657/--/default/train/157/image/image.jpg?Expires=1772789147&Signature=Tks-PGDcaFkbR-9Mv7gjGRLU0uDEwsatLmJ0FG9Lc10TpERrUzhil8Gy2FD9DZfc17DI2LJPiIw1WJPiLl0NDG7Qu991t1UK3MJLF5EDTmSUtY9hT8BnO5lceYNH2aRHvTzwEvEE4i0x4FbkzYh1qdrIg5sLJk4B2kVZIATebuJsnnMwLA74XDvaxfrO~Z5M2pgzVCBT2fwMtlX4DVunvGRc4DeT2pG672pAER341d1ma9qiVHMIZ7-6ktrAwLQOJWVbUxmIumM4Qi6URKe3no49PUtP8mZgy6Xgxa3aiZMnQvpTMyjURT~FXPt9f3B~BtJklaaUTdqRRybirttSHw__&Key-Pair-Id=K3EI6M078Z3AC3,E:\Freelance\Research\D11_9_2025_Image_fixed_Detect\Project\T07FakeMediaDetect\sample_sets\external_hf_splicing_mix_100\authentic\authentic_07_row157.jpg,c148da7e18b21bedec0e1b593bbdf2cf02ab2c6848bc338d7210f219ccce0abd
182,authentic,There is no evidence of any manipulation in this image.,https://datasets-server.huggingface.co/cached-assets/lorenzo-morelli/image-splicing-deepfake-mix/--/a071f3badf3b54c39b0ffa63d28ba35842515657/--/default/train/182/image/image.jpg?Expires=1772789148&Signature=CYRFkhDv8-25JSn9kfI7OrjA05eZl4P4E-AB9BOjjtla8J-vYcO2k1hVKfxfS~ELX4fJe6lmZyPdnpMB4I6KgWVqkVpaf3korANQqQDQKK3Nk09LzzD3ZGKyHux3zj5oZ1bGLzWj7ZM6s~pFXDLZJEm~r44nsAEBS-E4VAzzG~DUe~QBrdMIRSMVsvjAhO50jqocdXF8fHiJU42HwkLU8H948AB2kCOWSGMHeIsoxy3uum7-9vAuaUC6mzQzFDi-sdJtZAuC8aY6paP90nw9wNb4BpwK2dj-ewnNHrIVVKVcfE5p1ExLWvStMzIvkbub0RdgftblCkpMBMKS9pg4zg__&Key-Pair-Id=K3EI6M078Z3AC3,E:\Freelance\Research\D11_9_2025_Image_fixed_Detect\Project\T07FakeMediaDetect\sample_sets\external_hf_splicing_mix_100\authentic\authentic_08_row182.jpg,e4c04dc0aad8741eea0ed3fdd5c2be7a21e3ffbe654d10e85869e747e4f88999
93,forged,This clearly shows that a picture of a dog sleeping in a bag was artificially inserted.,https://datasets-server.huggingface.co/cached-assets/lorenzo-morelli/image-splicing-deepfake-mix/--/a071f3badf3b54c39b0ffa63d28ba35842515657/--/default/train/93/image/image.jpg?Expires=1772789145&Signature=Jx3E205F2ci0S7OBN6wyKL6DgUMj9aoFQM55ycsdnEujk1RTjsh9MC83Aa1zjfp8iDyalPT2bFrDgk4aK7R16GgyH25mi~-DL6JeH18Xnr-0LKMwP7rmdGiNDonM3CsNAWpz~ZXhkFOVP0r90Y60CYsRZ4jUZoijqlzSl4d8h-U461vkBNG0TRA1mUGdUt0G9m3B3tDqBVOIxNMXvnanIo3FIKMFi4-JyeXRLE5jUOQ7~6CXBtiLxHVNsbQt8gPz~fRIO5XYc6guRiQo9Y2qTSYuApEUKJBD3mpcYnYEwbyR0IyKtEVTe3y-aqL~nQPT0Vl7yAuVDcIPrqKAUaKhXg__&Key-Pair-Id=K3EI6M078Z3AC3,E:\Freelance\Research\D11_9_2025_Image_fixed_Detect\Project\T07FakeMediaDetect\sample_sets\external_hf_splicing_mix_100\forged\forged_10_row93.jpg,8293c5b78850ed8f309164a921a0d89ef59a83892f7d8fd18bc6095f5b5008aa
70,forged,It is evident that a photo of a skier was copied and pasted into this scene.,https://datasets-server.huggingface.co/cached-assets/lorenzo-morelli/image-splicing-deepfake-mix/--/a071f3badf3b54c39b0ffa63d28ba35842515657/--/default/train/70/image/image.jpg?Expires=1772789145&Signature=TLrTPTBpolNGf1im~JaHwacWvG1J4sebRHRlDs7~dAP4ciArUHXRB4O2WoQfCIAfbZVltCeEozltdjqMR7~eLch~ewwytzTZKtc3sjssbeNUHnxYyLKvBDTm5ZtTzq63CNVa00e43lIwn2AzFQBg9ZpxdlcCn2iePAx~G4XUnzORTDmUdW8V0frMwslSJRykEOyWlaVMDUhab1JdE7MkhMs7rvsP1cXiVr~cVoVCWZv6HKEA8EXFPA8e5-~x5-XmKwJem76QZPFdOidpDKnD3pbpxXOURFn6jFfrWeafZlzxC8RjDh-mh87fGzzPDoShr-q-OWog67Q4j6EtlI6DbQ__&Key-Pair-Id=K3EI6M078Z3AC3,E:\Freelance\Research\D11_9_2025_Image_fixed_Detect\Project\T07FakeMediaDetect\sample_sets\external_hf_splicing_mix_100\forged\forged_11_row70.jpg,1117fd56ac1a1095bc52e8e3c67eda6390ae4827d8e5640b07e1b0f34fa126a7
134,authentic,The image appears to be unmodified.,https://datasets-server.huggingface.co/cached-assets/lorenzo-morelli/image-splicing-deepfake-mix/--/a071f3badf3b54c39b0ffa63d28ba35842515657/--/default/train/134/image/image.jpg?Expires=1772789147&Signature=dfSP~WdqO2YPh4pXtBGnM2Hwiu8fL7XLBbm16Zi-BW3IOcYS4ynlFwBWpCFJeS~k0cPFwsLFnUKmFlBt5G4LASp1E3bWVk667olJzdc6NvLi8mvuK-jxb-Mbzi9aezgwavXavjxNwdXlJ8WfnPmEVUzAyaaqq6I6U6MsfRvuQkkQUv3JM1362wLiBjXtdQ47vb6Uaif0RIKcZ2wZNob~845OisV4crpl0Tjb3u9nHYxqqGFVL1JT0zGsn76zPA9WyxssrgYtf3Fhtk8w1ohAjYllmO3ApVwSp4VsktmAsHxZ~lDg3dmkUO0uPwdf7dmfz21qvym52hqfMCurpuiNdg__&Key-Pair-Id=K3EI6M078Z3AC3,E:\Freelance\Research\D11_9_2025_Image_fixed_Detect\Project\T07FakeMediaDetect\sample_sets\external_hf_splicing_mix_100\authentic\authentic_09_row134.jpg,acf0e867377345bad409cf732c13352c7ac76b6e41ac03b0db40b3fefd5cdd8a
89,authentic,The image seems to be an original and unedited photograph.,https://datasets-server.huggingface.co/cached-assets/lorenzo-morelli/image-splicing-deepfake-mix/--/a071f3badf3b54c39b0ffa63d28ba35842515657/--/default/train/89/image/image.jpg?Expires=1772789145&Signature=MpqU-OGAZ4zJzjz2fOPWhe3mWZibyvhofze6aFJfVcxpLInoCrjS14MACBtKlNGfK4U0Ou5j191BGcIBK7Div7p-AGbIVUf0rcOmlkzA6Pc72bFjXGIsgzdrvJq2VoHKx1PJ-cJ~7J0NxhgDuuhj7iiUunKVDsvMqjHUakh4PeWTCIvrYEqkjZJaL3PoHJiV-3eWlZ~PICOhISVvvw0Xvs7FeW89OWhKJbfJa853yO0qjhdnBrj3oZfYq5OMBDAUqb7XwdapGVfbovPdqS3xax5~8tphu~oy4z-WLBDgDfOznPp3c8areTBv63NTJAdu9V4vBfSKmVotnT0Dvk1KDA__&Key-Pair-Id=K3EI6M078Z3AC3,E:\Freelance\Research\D11_9_2025_Image_fixed_Detect\Project\T07FakeMediaDetect\sample_sets\external_hf_splicing_mix_100\authentic\authentic_10_row89.jpg,27a1cd641f1ab2c37a6186c81d3b566c3fafd025523438b55bc1ab5775f52c40
48,authentic,This image appears to be genuine and unaltered.,https://datasets-server.huggingface.co/cached-assets/lorenzo-morelli/image-splicing-deepfake-mix/--/a071f3badf3b54c39b0ffa63d28ba35842515657/--/default/train/48/image/image.jpg?Expires=1772789145&Signature=jw1280~4gX5jb-HN8FQFy6RavYpsZluQqIc7NhaN6Gj1NWkuv5Tl27mL119YOwx5lvrGd70qKVjkrqgh0pAXjTU~aL3CNkvYNI0nl~tVNUqC-OkcQyf5crhE-04npSMpnTzhzWj5Vw76Io89KQxTF8iA~Zf3Xg-AJabfi37pEY2ar69UFZRiwi60bZ0WmaFmC1nDlLE2hh5EcWD4CkRKQkxIIxf-w57EnPf7CXKGdY9o2npMwQKm3bU054SxL2IHC25oP6ThDboATm0-nvzpLMgrrscGlmh8HkAlI2m~LrE3l6zMvY3ae03-cdZXwwi2iFeDSJU7Oxh5GF3FFX9QMw__&Key-Pair-Id=K3EI6M078Z3AC3,E:\Freelance\Research\D11_9_2025_Image_fixed_Detect\Project\T07FakeMediaDetect\sample_sets\external_hf_splicing_mix_100\authentic\authentic_11_row48.jpg,1b6527d2c47c6619a65641226f480b422f84b07a4ce16f222375815973f2564b
97,authentic,This image appears to be genuine and unaltered.,https://datasets-server.huggingface.co/cached-assets/lorenzo-morelli/image-splicing-deepfake-mix/--/a071f3badf3b54c39b0ffa63d28ba35842515657/--/default/train/97/image/image.jpg?Expires=1772789145&Signature=EPYWID16yp9POobLiBLN4bLKSrTVXWXFdWbDOVD6i9aRqKQIyBXMjXNJt4voHY8DOSZDwkIXomSsGO7PGP9Q1zZW3aP1t9j622LD8FsJPC-MBVrUGN4VsJtC462E~j~mD72G0dX6bB0DD6QzU8EbkLhhuY0QEMtl3W49so6nKW7E4lBzvxOVBHnXyd9EmzC7qPpsDNmvv2uSv0IB7HlrYyxLRHBWfDyk5u0XCKEZnlbAOYgbDElR1q8Q~7UKpzCl61pJHUzbIdOsSG5U4oHVSVI~uWfLHA1KWFoF7PzLAf7S7iSOdfrTQK0dU9iJm-MseZxRuawy6FtAAruVtVMSAQ__&Key-Pair-Id=K3EI6M078Z3AC3,E:\Freelance\Research\D11_9_2025_Image_fixed_Detect\Project\T07FakeMediaDetect\sample_sets\external_hf_splicing_mix_100\authentic\authentic_12_row97.jpg,b1a93edab84c1124688655fd85eff294c1362fb797e914b907d2d6aa2117b4aa
102,forged,"This photo clearly shows traces of manipulation, as a monkey sitting on a tree branch was spliced into the image.",https://datasets-server.huggingface.co/cached-assets/lorenzo-morelli/image-splicing-deepfake-mix/--/a071f3badf3b54c39b0ffa63d28ba35842515657/--/default/train/102/image/image.jpg?Expires=1772789147&Signature=N9w5vnY8gkM1LoSvaHkbwWOwB3LKNxOh9JBXg7Yq4XzIxH6aI6PFB-uImHXqqcn2wnimirSfTodTpWI-Ge71PUdmqSNWHnv1FK-vT9-MnRvxEpU0IhrSgxIl6vBovwVEWk7mzITwlZ-5OecgWOfIT5WE0VWAqsLChXDKbqisfCEOW0nqbaofCaqMyxqkKpUP7oXuz8yCM-Cj7XRof~9uMKR2P6xdeVsnga-kbq0iaTT~GARkKKCzbgRKbtFXTmyhQNXYCJy7YzqKL-ku1MCz-HyYtYggB4DrgOvc~YOyEa7Al8B1~rMfVtP2iRDBJtYUMgQ0GkHPdCzl2uHm9Jj-5A__&Key-Pair-Id=K3EI6M078Z3AC3,E:\Freelance\Research\D11_9_2025_Image_fixed_Detect\Project\T07FakeMediaDetect\sample_sets\external_hf_splicing_mix_100\forged\forged_12_row102.jpg,18b19130bc6434ace7e92fcacdc4da272a8d0cff5bd71f14a4533a9fc6e3970e
77,forged,Detailed examination demonstrates how a chocolate covered doughnut with a green logo was spliced into the image.,https://datasets-server.huggingface.co/cached-assets/lorenzo-morelli/image-splicing-deepfake-mix/--/a071f3badf3b54c39b0ffa63d28ba35842515657/--/default/train/77/image/image.jpg?Expires=1772789145&Signature=UBoPxwGzbf6s3Rc4Z4IZf9KaLtk4SvZQKmOMgPps-GMYomnngqum7EQ8B8UJHS8cDiZBmZIVnp3va3GkbIaTvoLxGE1VzvrhZvA6zo6w8trLtDfSFlbZUSOrFl9Qt6eo~jJCHAoC0mioBUv4cUhnSM2aQHM3FI7Tj6mn~9Fny9RWQcAp47QyusQUNdE2mJWHaSz6rqK1q9F0budZojOXOWxbLSvgBC3k4U8Dtvm4ewrdIrVeH7YwW3hQlCYXm3MqARgmYec5BXNkNEWT9ThaKl7imocotopkvQ7TesOuzXaGB22j9hbPmeMv3ghgfGLrDI06a7vPgwDK9ZQgjn~4ZA__&Key-Pair-Id=K3EI6M078Z3AC3,E:\Freelance\Research\D11_9_2025_Image_fixed_Detect\Project\T07FakeMediaDetect\sample_sets\external_hf_splicing_mix_100\forged\forged_13_row77.jpg,010d5c651b28facdc7dbe9f4b76f1e7bbd186c20b63eb8d64183d28bf3852810
195,authentic,There is no evidence of any manipulation in this image.,https://datasets-server.huggingface.co/cached-assets/lorenzo-morelli/image-splicing-deepfake-mix/--/a071f3badf3b54c39b0ffa63d28ba35842515657/--/default/train/195/image/image.jpg?Expires=1772789148&Signature=eXWKItqnLugAFr7XkJm6KyIwn-XDV5IC0awE~Po6mK5cHlCrZjiZPs6UDWLBRgHzQGkFtFL-oIlbGhqHuS04njFkuBX3YtNWmc-7yRbuofnLeHzSoC9SjtwWpp4Ar6c2htOPMIh1RIYe2usJlEUHDK6ohXQnjI3OjdjUrVz899ui0RceinRpVfzV8aws1Fkqq0MQ5OWlr6tD9CSeTy0-S7ngdxntNGE6wmKNJjt3WEOIrmBoMr8Dk6HT4mA3A6NCIc75oWO0i2TNB7NRtZNdDs9McUaXCkhIFSMpaCte1LrnMCkO7wf9DPmV2vQpK7Uyspoov-kRe6NWKUMgg1Alqg__&Key-Pair-Id=K3EI6M078Z3AC3,E:\Freelance\Research\D11_9_2025_Image_fixed_Detect\Project\T07FakeMediaDetect\sample_sets\external_hf_splicing_mix_100\authentic\authentic_13_row195.jpg,9abd77e0a967bd83081ae3759d0897b4ef0f060c29937f45367c3c94c1cab741
81,forged,"It is evident that a photo of a person riding a motorcycle was improperly integrated, revealing tampering.",https://datasets-server.huggingface.co/cached-assets/lorenzo-morelli/image-splicing-deepfake-mix/--/a071f3badf3b54c39b0ffa63d28ba35842515657/--/default/train/81/image/image.jpg?Expires=1772789145&Signature=tm5E67y8g9XymLA2p2VME9AfqwX8Q1HpPwq9w2j98nyyFdJFOl6XdOmPll4WASlpyUUtRc0cY7WmJHTxUFP-HC~nBjUeV36IXyQhZSsgl8DIKo03V~jfugw8M2OkCjokVxxiq4fldSH9~sRrFbsZPxH-FyJDa6b3hNKR~~r8oCBtWlqOXbEepAQa4ur1Dtj66Pa-1QdgtjKwxtB6aa4~wxYeDkBKLLvYcv3EzQI8w0JvwbdKuOr34WeiGBLt4ZJ3I0mDxufr89Y6bcGNmt7rwHipMGHAwkgU6H9p8W8G3CpwQXMp0mAfrnthdCd8Pa~70d9eWxYlz7PJWc7s93U-nw__&Key-Pair-Id=K3EI6M078Z3AC3,E:\Freelance\Research\D11_9_2025_Image_fixed_Detect\Project\T07FakeMediaDetect\sample_sets\external_hf_splicing_mix_100\forged\forged_14_row81.jpg,7f18806a0c1eef0b3e34ee52d5350eb4daee0ffdb551322412e293e40d4e74cc
69,authentic,No signs of digital manipulation are visible in this image.,https://datasets-server.huggingface.co/cached-assets/lorenzo-morelli/image-splicing-deepfake-mix/--/a071f3badf3b54c39b0ffa63d28ba35842515657/--/default/train/69/image/image.jpg?Expires=1772789145&Signature=wxekBtUc1WH44Y1tKWly1F-48sCG3u617e1AHNn76yG5z~9-6Ki2I3rYmU9s91akMTvV0nWloTKjVlHNtDlhTsmDeYjvOxt2RfBJt~QgQofaBm0K4Zlk4XklAjlY3rxcSSvaLYlWkK9RWteHM0eH1YpT9a0j9uEnLL3hrGkc~yZLyFsgZAdeuwUtS~uAWLfGKhZ3vZB170pJ5bE-8F~PiaDhJa8CkNSW54Qc0861faUMsjiFYVbVs3JDB8Q2WWQ3KkJR5kpgfS9OXRoSmatQ~mszo~BaZ3lp~Pnrk9ToZqKNQH63XKOjamW8MsiVrR13xrqIr0eVBsFfk3zVe6~lpg__&Key-Pair-Id=K3EI6M078Z3AC3,E:\Freelance\Research\D11_9_2025_Image_fixed_Detect\Project\T07FakeMediaDetect\sample_sets\external_hf_splicing_mix_100\authentic\authentic_14_row69.jpg,c6c057316fc5f03d5c147d7c10d622468b228d542cc4379b4cf61c2cc8248c63
87,forged,"A closer look confirms that, indicating that a photo of a cyclist was inserted post-capture.",https://datasets-server.huggingface.co/cached-assets/lorenzo-morelli/image-splicing-deepfake-mix/--/a071f3badf3b54c39b0ffa63d28ba35842515657/--/default/train/87/image/image.jpg?Expires=1772789145&Signature=hPMpXCePam5rTZ-nJvdcyi8U7VdkEHTs7F7x2mpXtmnvjfl4uKrNuLbpSjHJYWhzci2LPw0irG1GQfBNvN95IAVDZq9lkyDEAcpj6c5eqOzxuaAOq5V6ln189Y5fs8Xde08YJiKrpCLUAvru~o6uJoQ92yBE7RAjCpu~Iq7X30s-szP1k81UMTiCEfHlpa~Hh~Yhi7L60~T882Q3K0zgVZR1GVA~sCs9ODdMiylQ9wiXnNFXUbItUpjuRkVyQfureOMrUEytgmORHbKVs-fX1jjCmTkZcnJghOygrTcayudJAXJkmqNEb3k4Nsyr8yUxeuN7-EAr5mZGLp-XDDGKZg__&Key-Pair-Id=K3EI6M078Z3AC3,E:\Freelance\Research\D11_9_2025_Image_fixed_Detect\Project\T07FakeMediaDetect\sample_sets\external_hf_splicing_mix_100\forged\forged_15_row87.jpg,19e64e049216e83e68e3b38c3a04a735bf75ebd78e778a62c1688e2f51443bd4
108,authentic,No signs of digital manipulation are visible in this image.,https://datasets-server.huggingface.co/cached-assets/lorenzo-morelli/image-splicing-deepfake-mix/--/a071f3badf3b54c39b0ffa63d28ba35842515657/--/default/train/108/image/image.jpg?Expires=1772789147&Signature=0PiCHHc9DlKMREoest9f0wc9gAScb-XD1brdST87bW0WqnDUCwsKE1STWkgfxqIO5kwRkvMllLsDY~vPlyu0bjlgsioqQWkmw5W0aTQuPZch2VDfSz~~OriMPzqTRxKwT16abQ70tZaMff3VSo0IlCsPtnqYWx7728x5MLIAIY27Mls5CcsNncGe~TW9OY61fmJlqarSjCSo9VzOJbCX~4I8oSOvSpaaotamvrtIj6Y8sLfpv7TG7ZvbUX3w1JFtYmvfHStMI3PFTRVs3k3Gx12BZ9ggpDpF~mZHsFU1rioiycCWAvFI~C9hJElyjQsRixigw4D0ekedWMMNZ~SknA__&Key-Pair-Id=K3EI6M078Z3AC3,E:\Freelance\Research\D11_9_2025_Image_fixed_Detect\Project\T07FakeMediaDetect\sample_sets\external_hf_splicing_mix_100\authentic\authentic_15_row108.jpg,95fab4e4b20a504369722ec0e3ea5fa4229181842dca34ea8ca9ef3e4423d752
16,authentic,This image appears to be genuine and unaltered.,https://datasets-server.huggingface.co/cached-assets/lorenzo-morelli/image-splicing-deepfake-mix/--/a071f3badf3b54c39b0ffa63d28ba35842515657/--/default/train/16/image/image.jpg?Expires=1772789144&Signature=inGOgl7fnRJSe~M7ENmvWTWB9AMozfRqjeRLO5cSmtH2tvm0x~OqHSIBgOKdrU8nE35WSttX1rKXWc4MS2WSfpfb4ZVKgDMN8p7u3fPaDZDe0XezM-Wz3qEOKLuig6jsBCGaXs2oLLikSpKeuwNPtNslOFwOQfoMLD6sRFbk8XL95X2y~ciCRKspfO1YnqZfNSc6C7JnQoOR88I7qSm7uW0xULSOK8NDf7Ft-AjO7giRQKJtxnjHla5x2Ju58kDT6Uog0tncrPwVsw45vii0hYVyP380XtXcPc3yEMmawgWWkFSSP24pwcQxjHQkHXOjoHlVHlY-L3exlH~XP6DxdQ__&Key-Pair-Id=K3EI6M078Z3AC3,E:\Freelance\Research\D11_9_2025_Image_fixed_Detect\Project\T07FakeMediaDetect\sample_sets\external_hf_splicing_mix_100\authentic\authentic_16_row16.jpg,47f0518ceff3e10b30f98a3d2d9f28dc17e41724cfed7586636f442fe6e799ca
180,authentic,The image seems to be an original and unedited photograph.,https://datasets-server.huggingface.co/cached-assets/lorenzo-morelli/image-splicing-deepfake-mix/--/a071f3badf3b54c39b0ffa63d28ba35842515657/--/default/train/180/image/image.jpg?Expires=1772789148&Signature=blnv6-5KhHSurPaXzd1Dq0fCBKxwmHASkMJg~IT~HUiVWg0hRH3Fifd6pO26HRml1Tp2ryHCCDaafF3dQLaHX5sRPxwss46Hnu9FOHyRm~XIxojSTkow5c0j7UZ5Za-9X-uAzbf7EZRJQXuTVquMqualgmLAB0-W5MluwQ8L5eP91xzxN7qu9NyG92-sm1KANl71lyk0dSIFc27LCgK0ReddCZPF4B8qglAutEQz14GPFDQYKKDl42uRG9M2pL11JJK5BZ3qeb~k97erXRVjwOV~E1B~xUW-~8vGfVji~5xpju2LtaZZ0bDIIyIWaknbwfoa1AFazkrUFv2Od65h9g__&Key-Pair-Id=K3EI6M078Z3AC3,E:\Freelance\Research\D11_9_2025_Image_fixed_Detect\Project\T07FakeMediaDetect\sample_sets\external_hf_splicing_mix_100\authentic\authentic_17_row180.jpg,54b1fe7a107eb3ee24395f8a2456c8a679a50b2f2708e20725669861aa9e5641
19,forged,"This photo clearly shows traces of manipulation, as, indicating that a black dog with a pink nose was added in a splicing operation.",https://datasets-server.huggingface.co/cached-assets/lorenzo-morelli/image-splicing-deepfake-mix/--/a071f3badf3b54c39b0ffa63d28ba35842515657/--/default/train/19/image/image.jpg?Expires=1772789144&Signature=Pbummq2MspE-bO~0lxfDmaof0IhGjM-ayxoveAFs1R28K45PGEY44xqAU8jhqFJ5Alcw4z1hAC9k~eUdFO0nm9eF3PUAyxg9CuSv9lx32h3C2nRrliYK~Jq48ApuEozGUoTyZjAkt-tH~yw3mXJEcVlib1-SpY1vVRoh1IUYE1rfFq5M3cbO0LnDQc8K7SuEjWLlBYMSPIzYHUpvDd5zCQw6y6xwAB~nZPIBx8egxvjUR4KLJpvTpWSkP3EaduAqKtljImagymlCcomvLQaYuKJ4tj6KjI-iw7mTD9NBNzCimbW4Pp-0sr2HcCd~T3yYTS2kz67a4FdD7XqKYz1u4A__&Key-Pair-Id=K3EI6M078Z3AC3,E:\Freelance\Research\D11_9_2025_Image_fixed_Detect\Project\T07FakeMediaDetect\sample_sets\external_hf_splicing_mix_100\forged\forged_16_row19.jpg,f54378c14dc89e70a0cabc1ddd73aef1860b9896e30e01f1d9040a755a0ff4e8
34,forged,This image has no evident tampering.,https://datasets-server.huggingface.co/cached-assets/lorenzo-morelli/image-splicing-deepfake-mix/--/a071f3badf3b54c39b0ffa63d28ba35842515657/--/default/train/34/image/image.jpg?Expires=1772789145&Signature=cBi2PjRt~ESrCr-HJZo4iXW5gV7vuXv1jn3mwZNc0-LibEEfHdwxtjC62cKjgyTMvLcRcHliAsCZewjMoT6AJOJjbadZhxKJFMUNQ2Lu-xHjObKzdIXBOi72xBHTQdx0R77XT2CXXhOlEuR7DNo32H6hhZOIPgOfb5cIA35rSLUqy8RP2Oy9JUHg2ORw~8lORCxABy5a7fh0pMe8Ekwxte44cgbCcPdnCDxvfLw9KvbNULnndKyjOxoiGM9Mhxlm~YcaNjJLGGMnAEzlpkIpjFhTqELz62gOb8C1z-GYHIWcCSaspSDBu4k6y4k6zC6OdEaBAM94462PelloBghIOw__&Key-Pair-Id=K3EI6M078Z3AC3,E:\Freelance\Research\D11_9_2025_Image_fixed_Detect\Project\T07FakeMediaDetect\sample_sets\external_hf_splicing_mix_100\forged\forged_17_row34.jpg,c16d9b9039cb1dd9d1871701e49e77549c5b23201cfec40afda2c3849670cdec
66,forged,It is evident that a man in a red shirt and white pants was artificially inserted.,https://datasets-server.huggingface.co/cached-assets/lorenzo-morelli/image-splicing-deepfake-mix/--/a071f3badf3b54c39b0ffa63d28ba35842515657/--/default/train/66/image/image.jpg?Expires=1772789145&Signature=SvTP01V6slJ-r6Qu-N-Y~oQF~MdJzowfIy9czeD-vnE1s~5W7no34UCO-sqYSMBq154q28WT9yS3~N-aReN7fLrimMkhAarCIXUngfbznirNGvIaOafFkCo~9XdgwS5gT5JMYYH3qEL7-ph0-DMZ6MQUacpHjkYn2RwwNe8mVkZKTCt2o5wqv3t4Q5rkTlke6geFqV6iFojK7osmvZaoi1BGG4Nef64p17OJtByz59AAlRL7MkGNbwb8cBE-c4yasBYiJfJ-FHVz12JR0dfGGFwt2AykR~0jPUI8WgedoAgNk~YXmFLSiICi6Oq4EmkJizGV7eypjyPaJvOXPtsr8g__&Key-Pair-Id=K3EI6M078Z3AC3,E:\Freelance\Research\D11_9_2025_Image_fixed_Detect\Project\T07FakeMediaDetect\sample_sets\external_hf_splicing_mix_100\forged\forged_18_row66.jpg,aea239b0b230562d2642470fab99edf57a8ba2b62b35c98691a3136eb17d53b1
154,authentic,The image appears to be unmodified.,https://datasets-server.huggingface.co/cached-assets/lorenzo-morelli/image-splicing-deepfake-mix/--/a071f3badf3b54c39b0ffa63d28ba35842515657/--/default/train/154/image/image.jpg?Expires=1772789147&Signature=BZ5JAymhXL4UMWe3TmUfD9oyfMJICYG1sRAerNK6AbL2h4-8JH8xvCSvYPA2lM6j1xR1DlktW7fnQBaiJqBuAjDU-zT2nuNftPITbt6ChRjvypocZODBD3wOf-TJFRjmLQ3F3bQOIUFVd3rPT2AmIS1KTjP2AfHXBgPZVJqxCxLODLgfEbT6CW-F1pEjsJ~c0Y~XTBNcylqxRGSpFmiVBTrTua4DGUMBTENuf7iwiBBM05E4hnctFF~Xvert4fSzcGhyGsi3ifhdLMMLqhrcAJaFjcxImK~rUBzZibz4R92hAHIp2qSWNRbmlKkhFIx2CLVDwRDefLB~O8EDzUn3Ag__&Key-Pair-Id=K3EI6M078Z3AC3,E:\Freelance\Research\D11_9_2025_Image_fixed_Detect\Project\T07FakeMediaDetect\sample_sets\external_hf_splicing_mix_100\authentic\authentic_18_row154.jpg,34d479c9a95f2ff860894b18f9ca13429a5050cac01617e6599a52b4d0f14298
107,forged,No signs of tampering are detected in this image.,https://datasets-server.huggingface.co/cached-assets/lorenzo-morelli/image-splicing-deepfake-mix/--/a071f3badf3b54c39b0ffa63d28ba35842515657/--/default/train/107/image/image.jpg?Expires=1772789147&Signature=s7Z-fvTrtk1K7unCgL4nlHOR5hsbG3XOsKydJToKtqwY45PsAlTBHceZvMBsyclmXIMg8qY1CdvFYDk2ty8Xb8R-VQWdTiZy26SDxFT3v-Wthx~WtlXx8nyp8-GMNuFyHJ5erRt3K6qNmoQ7SFCjnGhhFFP8vQ5Sb2Hb0bL0pnwWoIMsIXsDUUDUv8l8bSokS2koNixhy-BaAPs4CqZcky59GQ-XyYwb546B~yJXuYNBM79vS5e-uaL8z6rfFcjBeUAbICW2RdT3J710Z83jUnW12ATzr6dCJtuoBWDWTSyTlOGDIgpwSA1mVzReRjVyM3ImK4g1ZcFjKK~slAnFWA__&Key-Pair-Id=K3EI6M078Z3AC3,E:\Freelance\Research\D11_9_2025_Image_fixed_Detect\Project\T07FakeMediaDetect\sample_sets\external_hf_splicing_mix_100\forged\forged_19_row107.jpg,bd7ca95a52a3781a0add21f7eed2888f4cde609477d09e2d3407e8a30d859da7
3,forged,This clearly shows that a photo of a cat was artificially inserted.,https://datasets-server.huggingface.co/cached-assets/lorenzo-morelli/image-splicing-deepfake-mix/--/a071f3badf3b54c39b0ffa63d28ba35842515657/--/default/train/3/image/image.jpg?Expires=1772789144&Signature=uhTDZSS14b1ea04ivTGZG5-L1zVc12o55peta7TXWDaDRn8Cd8vfmhnWmY0-SWz~SGB-0Pm3RlE2fYMaC-8Z13Av4UIhucQsWQU9vYk1Zv49gLVvjTOu~OftJU5rqy8h96FCUYbkyznSfrUDf8zEWfe-23XT6Z2sCI66ql7L0XLHPwCnGL5aDEWTuSSKurjja8vMoFfgl7x-qZWl5x666eOuq4NwYuv4xsa4Dhjf7aZriCdFo-PJRQkH1cGCxIw6RF0oKjM0ysUKvtpfdzO2icYstFgUeFJA0viLS-SvmCKAiXcipTmI7oWroEJNLAWXFsHWh30zGDZUW1k1Q5xUUA__&Key-Pair-Id=K3EI6M078Z3AC3,E:\Freelance\Research\D11_9_2025_Image_fixed_Detect\Project\T07FakeMediaDetect\sample_sets\external_hf_splicing_mix_100\forged\forged_20_row3.jpg,6a6684a847d6b4c0da1647ea7b84410e66d569a36d877aec898b6761def229f4
85,forged,No signs of tampering are detected in this image.,https://datasets-server.huggingface.co/cached-assets/lorenzo-morelli/image-splicing-deepfake-mix/--/a071f3badf3b54c39b0ffa63d28ba35842515657/--/default/train/85/image/image.jpg?Expires=1772789145&Signature=zAktI-v~gyaimwEznUGx6ZtPQRGkE0QaU-1djySqySeup9CXrWk9QnZgU0wYyS8iuiGFN4QEZ~7WxFkzG~ZXkX1~6CHBYh97pHigtiirCEFtP-0lJ9Y7vCuYSd06mgklh5AEnHDXzcpEly2eIk6LFm0Wx-HaAq0zAxrH-x4H7YC4gVyEFmnI~hQ6qAZNERfINebEaBm6wxKz7-1FGyFpA~qwC510wPT00sBf-gwd2UcH3aYCP4AL7z3UqH0FEXqJ3ESD1qphv~Ohzc78OfI1N0FVVPfG5BhWoAOOoQvSTBRc70uNPD6UdoBXeu-j3Hwizh5KdnWh4bHyUekLHlnOlQ__&Key-Pair-Id=K3EI6M078Z3AC3,E:\Freelance\Research\D11_9_2025_Image_fixed_Detect\Project\T07FakeMediaDetect\sample_sets\external_hf_splicing_mix_100\forged\forged_21_row85.jpg,286ba285dd430c4a622c592259674571fbdcd5c782ebc166ef8be896e5f56f37
26,authentic,The image seems to be an original and unedited photograph.,https://datasets-server.huggingface.co/cached-assets/lorenzo-morelli/image-splicing-deepfake-mix/--/a071f3badf3b54c39b0ffa63d28ba35842515657/--/default/train/26/image/image.jpg?Expires=1772789144&Signature=IbB6uZSabj3Ht9bVtbXaIHiX5bZjifGOziJWwXANW4wrJZw~IiQA0NUxqf9w8cucZM7xZa1Bq8zK0BYOUDo4FwaTupbdclpAcR5kP824kJLgm7bdrNpJ5k9xFxSVzFj~9Zz7ep2Ga5cC0t1c~Kz2oC55TJatm-GorU15cheW8RYIJV~Sp5rqyp7rBx2vRCUhXbVsCPRFpltegpqTcvESccZjR9BGZ3NbF~1zNvnoKqZU3vOPtCXnqo848KbDvq-56mFxyL7SME7pcq-IwpIdmHyPbkLiS30P5SyFgsxX1FlrMsiK9sf5aRVLm91g2nV9hGG1qw7B6Lu8lCIoX52ynA__&Key-Pair-Id=K3EI6M078Z3AC3,E:\Freelance\Research\D11_9_2025_Image_fixed_Detect\Project\T07FakeMediaDetect\sample_sets\external_hf_splicing_mix_100\authentic\authentic_19_row26.jpg,911561385c0633eccbadf69c79434cacdfc5c7c27cf865dde425400a9901982e
129,authentic,The image appears to be unmodified.,https://datasets-server.huggingface.co/cached-assets/lorenzo-morelli/image-splicing-deepfake-mix/--/a071f3badf3b54c39b0ffa63d28ba35842515657/--/default/train/129/image/image.jpg?Expires=1772789147&Signature=Mi9olOjxfTgWhT1N9IApZksp~aeEZv6DAnXmiggAcF-Ss6NnGB1kOH5vMaDMfyHN7ahw2g9mesVOcTH7JLFFrCxrAPr2JgQIhJcxWpXdKs818bKBkUq-mauL2~yNWh~jDvSZBjhgeosnKnuA2Sqz5yqpoBbYpV94-9pvpZmsmgspocdCaWvFbaBmEvJXGt-zQ2PD5PoClu0QXysCaLvPWHmtsxijKY13gO1Mm9-l9EPjrGhuAoapj0QBSPg9siMTkVMk4BiWqDEDnak7hFUPhkWjVhMioTfki-kh4E0ox5WvOXZ9oARupcCUydAOS6~8dSJmHkVn0nWZ1RTMfxNzVg__&Key-Pair-Id=K3EI6M078Z3AC3,E:\Freelance\Research\D11_9_2025_Image_fixed_Detect\Project\T07FakeMediaDetect\sample_sets\external_hf_splicing_mix_100\authentic\authentic_20_row129.jpg,db4b58e3ed156e52d75664cabe8c5e2202435197c022a77c4457592d8d7c9467
57,authentic,No signs of digital manipulation are visible in this image.,https://datasets-server.huggingface.co/cached-assets/lorenzo-morelli/image-splicing-deepfake-mix/--/a071f3badf3b54c39b0ffa63d28ba35842515657/--/default/train/57/image/image.jpg?Expires=1772789145&Signature=o8LfSakGM~Xv9wK6eA3B9HDMeRIKQYHZPgq1Uk6ZqbKJz3kknyt290MlmS0U1cBNgD2oAvTNK7s9kLK3CUdi4o9OceRz6oFBiPHC1Jv1QLK0Ew-AchSUg7xnNbU~ROxrYAMmnPYHVVxxvvcEaWUqlumxuv-dgEbETWPQkZG-qfvj51o0Co1nK8NCuAsvTHYXJzB1a5PjRaexcQhtb4TX8uOSuPQOfZWW3D2E~U4K45DWfOxPdTrtsJeXMtoexZCf89~NgKhrNppCojiS~AP1~oVoP8cExh92Rx2B7smzgY0R6D1H3UaUGWYuEXgMfpd75q46UveTc8t6tlylHSV59Q__&Key-Pair-Id=K3EI6M078Z3AC3,E:\Freelance\Research\D11_9_2025_Image_fixed_Detect\Project\T07FakeMediaDetect\sample_sets\external_hf_splicing_mix_100\authentic\authentic_21_row57.jpg,bb7384b74bce32645e70fc772028de8c466e363160f0f1de553d626a7f3ddce8
140,authentic,The image appears to be unmodified.,https://datasets-server.huggingface.co/cached-assets/lorenzo-morelli/image-splicing-deepfake-mix/--/a071f3badf3b54c39b0ffa63d28ba35842515657/--/default/train/140/image/image.jpg?Expires=1772789147&Signature=OvNKvjcr6qKlaaBwyNph2pHWgd3oioCVr2rGexlYuy7e3-gtDyCJe92MaFi5lXBkyQsjlwrKpai5NZL9DZCz8bLxotfP3PslqX7FUou4eu2gh8cftwqrTFYIGy7bl8~1JklIfLB16h4YGKUBQurqI1m3C-xdPhAa0M-VekQwXg5lv10fiW01FRTLNxpHqJFuvEShrZGgQK8GEv-XxuHAsuyobNDtpnfKCqKN3SbHb2cLYCJBvN3b5LTdJG2Ys7Rrhi-3dHFDxQ3gnXrj2e3YyOJ6Mzmgv7CZhwg9-5F7S9TMAIJgRCa3YwE-eZxykvlxGpwJ~x2T3B2kZz0L9tKVjA__&Key-Pair-Id=K3EI6M078Z3AC3,E:\Freelance\Research\D11_9_2025_Image_fixed_Detect\Project\T07FakeMediaDetect\sample_sets\external_hf_splicing_mix_100\authentic\authentic_22_row140.jpg,13a95092822633f2a96395a1cd9e24d0f1b036e0275383bcc3b4895fbab5d9fa
141,authentic,The image seems to be an original and unedited photograph.,https://datasets-server.huggingface.co/cached-assets/lorenzo-morelli/image-splicing-deepfake-mix/--/a071f3badf3b54c39b0ffa63d28ba35842515657/--/default/train/141/image/image.jpg?Expires=1772789147&Signature=wEL-4QE64roLyqJVieaNHS0sHFMjneF4RQBU57EFyBC2tMv4ZWIg5lRmC530wsEV6xk6gUTRP9Ep36ccnjGvasOdzMloo-2CtH1XkLR1nCpRuWNR0M1oEHHM9W~eFiJyParJDiDHUJ0ZsidA5XO7AZ7TW6xGTJQSGZ04oT6dQSbPVEyP-1UJ6r0I~CXe17XnEs701dYr5MdNNgtzFgHIVyXYZcq3O4gVQbOLnEGacCXtjiX7bRrC1ZkhlUC3NseukzucMOd96PCHRcFdh-U24iov1BU6Ii9bIl3yY8bMG7B305Ovu0rAp7MC9T9nybqu2CsYvvk9zzN8C5UAzAMjLg__&Key-Pair-Id=K3EI6M078Z3AC3,E:\Freelance\Research\D11_9_2025_Image_fixed_Detect\Project\T07FakeMediaDetect\sample_sets\external_hf_splicing_mix_100\authentic\authentic_23_row141.jpg,10692bd075a183692bdb3591d5bf97832a0ca5b23307458fb8d37a1b5e855b68
44,authentic,There is no evidence of any manipulation in this image.,https://datasets-server.huggingface.co/cached-assets/lorenzo-morelli/image-splicing-deepfake-mix/--/a071f3badf3b54c39b0ffa63d28ba35842515657/--/default/train/44/image/image.jpg?Expires=1772789145&Signature=iSvdxMEnHBd51X7qnRa1qxJGkiUriNcd3GSU205GKZXOzNLimFOwnyC~Aa4IdP9hn-y7-Dirh2GPxg~PrVWGZSMsZ6xGPacLEcGkNMx7OPMCXwkbuKFMFPWvcVpcdrEQy33lQlV63-sSFj7nfyJ-68-RLN-1JmDtlXFxHSDwprHWibGGFcfg5AYzzHjj0ClHRn7UDBuNmnVhTFjkkORPCcrlb-qNQQlDTHeJAPitXkhm291lJRQU22DosQE7ij464NSIJ41-LWqOm5HRwAhXWnp2Hxu6qO6hvaF~4ohAY2v4A5VP97ZxOEi3z~G-tjPWc4uZy7JjSKfC8EOznbrzAQ__&Key-Pair-Id=K3EI6M078Z3AC3,E:\Freelance\Research\D11_9_2025_Image_fixed_Detect\Project\T07FakeMediaDetect\sample_sets\external_hf_splicing_mix_100\authentic\authentic_24_row44.jpg,a31c1b594b5a29fb18cb6ae6bfcaa53ad0f542eb16b85cb8fce08177eb4ca35d
40,forged,No signs of tampering are detected in this image.,https://datasets-server.huggingface.co/cached-assets/lorenzo-morelli/image-splicing-deepfake-mix/--/a071f3badf3b54c39b0ffa63d28ba35842515657/--/default/train/40/image/image.jpg?Expires=1772789145&Signature=qAfab04nAeK3pcYDPZayfslWLDdlXlTQBOfeXVHFU9aLXghtk9-C8qWqnuqK-VqYHMMyqQV3xhyQglcOoIafFbcmsgumtEZmissRGVjhvuQvYEN3IdaXQ0wl8XMv0is6bzrLnX5hGcGmcD~XAXTR7AQbkLAE7evgHQeeEc2oWsNzHo9kQv6vVPOK04ccyegCzXUCozTZGR46y7cKqwcqJEE1IH1Cw8J5LqAKNV7d3foZstaIQt0DaBxCSvZqxI4bjDDSMjiOGgYgIHzymUcxf5NjmxxU7x0R5s8Wr69ufG8-2XYSGeW5D84OCd0n4IcJkm8EAmVw4Oz8XwfQPnzLTw__&Key-Pair-Id=K3EI6M078Z3AC3,E:\Freelance\Research\D11_9_2025_Image_fixed_Detect\Project\T07FakeMediaDetect\sample_sets\external_hf_splicing_mix_100\forged\forged_22_row40.jpg,cfcdb615b855ed7f8ad903fdb8de236cb1f1036e781cd0f84124311c724357bf
22,forged,This image has no evident tampering.,https://datasets-server.huggingface.co/cached-assets/lorenzo-morelli/image-splicing-deepfake-mix/--/a071f3badf3b54c39b0ffa63d28ba35842515657/--/default/train/22/image/image.jpg?Expires=1772789144&Signature=Ro8Aoznyjkr7ffl0uAQJ1Ar3pM054WFjRILntHXrTsVow3qohm13m8CgmopWnM-QDpXYXTeP6YeuyijGCAUwVaq4~DlwS6dUpzY3NKi9J789cg-2xuj4g31lpPc~UMWP6PUKRqjma9ZjitSnUR~Yd-cGXXUoLkz80McKpz4TypomeGerbc5yLkpP1poOMjsL0uUW5Ob0~WTUAo5woUh8uUyjB3k~XORoaYCSZnh582yn7Tfd8h3eWvoZh6xXegMeYcjCcOKnyxX1Ysohsue1EjzcvBXSLxNUWuAoDsH~AjcEFow0LnowaUR-AbQo0f0vkGL53nBCdNoZ-Fg8rmiTgg__&Key-Pair-Id=K3EI6M078Z3AC3,E:\Freelance\Research\D11_9_2025_Image_fixed_Detect\Project\T07FakeMediaDetect\sample_sets\external_hf_splicing_mix_100\forged\forged_23_row22.jpg,f82cd0c0908e3fd15b2042b9e428673e5cfc9ac8b3019079719b8c6cb714082a
20,forged,Analysis of this image indicates that a panda bear was inserted post-capture.,https://datasets-server.huggingface.co/cached-assets/lorenzo-morelli/image-splicing-deepfake-mix/--/a071f3badf3b54c39b0ffa63d28ba35842515657/--/default/train/20/image/image.jpg?Expires=1772789144&Signature=J~OcJ8sQ55zX7aDphSp70GS9f3yuOlLavuq9zPmFhLTn1v9EIXocckuGCATxB4LbNHktBNc~zEjWSd3zofhR2MGlE8rIEVtqH2Q0riXz5o3r9jNwZe5syYiYAx0KmS6MW8eykG7TfWGtp2EG-~3cNgbBgXAZTLjBPc8VA4vHfLZ-QxxreQ-rmui0WtaL76VW-G2~ESKSXOQlEI4LbXeBBUMh7w1f53AxJ7Ex3tSwBiLixgbgVM~4SQ-BWBpIAeDdT9ESCPDTM5ejmAjNec~a16gTkawWekABFPUHj2~KSaFBzjmJKEyA9aQnCyFvpPg7OrxSfq~aDqTQbvUycxp5VA__&Key-Pair-Id=K3EI6M078Z3AC3,E:\Freelance\Research\D11_9_2025_Image_fixed_Detect\Project\T07FakeMediaDetect\sample_sets\external_hf_splicing_mix_100\forged\forged_24_row20.jpg,eb649b7505f4440ac98170c6baf3f9885365fa718dac64bc7ef54aa0035ad448
14,authentic,The image appears to be unmodified.,https://datasets-server.huggingface.co/cached-assets/lorenzo-morelli/image-splicing-deepfake-mix/--/a071f3badf3b54c39b0ffa63d28ba35842515657/--/default/train/14/image/image.jpg?Expires=1772789145&Signature=GNJ715P~PT2Zo5fx63hGN2ODNvHKjfqBtxAlT02R6hABwxeCfNb7PecwjZcDhACK04kYRo182apVZva47QvkIZH21xCYxgXKtc2w9uiVyuzP5NAaADEiiXnNKZEGJZxa69jBsAxPxglnAIK1ZWVpGOggV7sgjvxpbUdbHHzR~n1smRtgSM54qYRMGyVdWS4tOhkUBYgt5PnR-lgiJ4YfVAAoWe8zpz1HJrh3j0IAZfy13Zg6-TTjSvPnemI3z216xImcCwO5JKVPGvCImBAXVkXVyXgIimAU00St78CDpOY-iyblrzdupoU0mGb9I-SmWWY1skX-M5SbqudjRMYQpw__&Key-Pair-Id=K3EI6M078Z3AC3,E:\Freelance\Research\D11_9_2025_Image_fixed_Detect\Project\T07FakeMediaDetect\sample_sets\external_hf_splicing_mix_100\authentic\authentic_25_row14.jpg,d309e5db3cca80f119926376ba3537707b8dcbeed75087ae5be286d698d8bca2
110,authentic,There is no evidence of any manipulation in this image.,https://datasets-server.huggingface.co/cached-assets/lorenzo-morelli/image-splicing-deepfake-mix/--/a071f3badf3b54c39b0ffa63d28ba35842515657/--/default/train/110/image/image.jpg?Expires=1772789147&Signature=XJIGD35OwBzaJ8XDpRdP8vCaQHbY0aI6OZdammipUDBxsTxkOviUzoZfxFKBLPLR9Vi42~qTpUp1nQ1I0ywkWmpq8BAK4n5uilGn04NspYQYRWL0zmbzCYjyMIfa42QJ5Jzp3~zVoPBlZNqg8UzIog-COqsyM2rK5-j3TzyQLq-cad0-ieLETJzTd7rUdxvCQ8Ejq6Ux1aV1ZoRHmCoeJV9ZNfCUJlPyQDwdZfgAQLz2As6HzJN4q~2Ic7IMYW3TtqehQ2Hf3O8DmddheITNt4CWLFtE4Dgmmz2xydEJ9H2VkUG-oFM9QiDJRvuiwmCo0Yy2~y1V5uiK78MXL7IvAw__&Key-Pair-Id=K3EI6M078Z3AC3,E:\Freelance\Research\D11_9_2025_Image_fixed_Detect\Project\T07FakeMediaDetect\sample_sets\external_hf_splicing_mix_100\authentic\authentic_26_row110.jpg,1fab3629efef807edaaca0384d59bf5aed90726b242c3e6fdd7f571e5fd2d4bd
109,forged,This clearly shows that a koala bear was introduced from another source.,https://datasets-server.huggingface.co/cached-assets/lorenzo-morelli/image-splicing-deepfake-mix/--/a071f3badf3b54c39b0ffa63d28ba35842515657/--/default/train/109/image/image.jpg?Expires=1772789147&Signature=O6DsDyKxrAiMvZ2vd87Yl2roZodkEvQtOqsMWz-bvky5T0YTizpQc8tMTiXORmqSCQFxyZ8zKy~DV-Js~m7f7sU0PyaGPcTE7pfnkwmqLykZMlc4ngLIrYw5hN5j5NkPu1fPP~OJfvkH2CgnBZ41gc-a2f4bOWkLIeD9nnxIThlUugvgo0g0157esDATap3K569B9BmlwysZ2h0EOHxMWGcOKw6kYFC03vqo59cJL~2kUGUCyikWQfPcZV5sokAhytDv9-WlQ4WIsFvOXv5vPDfv5KBS30dQAnaBzw9f6RdR6wOjfj9J5ORdet5fWaFy~lZcI~-UC4TmJK3hSEJAGg__&Key-Pair-Id=K3EI6M078Z3AC3,E:\Freelance\Research\D11_9_2025_Image_fixed_Detect\Project\T07FakeMediaDetect\sample_sets\external_hf_splicing_mix_100\forged\forged_25_row109.jpg,42613c7ea678f87e26e4a4425b26e3182cbc287d42fc2bb7531f0aa2d78b91ca
172,authentic,There is no evidence of any manipulation in this image.,https://datasets-server.huggingface.co/cached-assets/lorenzo-morelli/image-splicing-deepfake-mix/--/a071f3badf3b54c39b0ffa63d28ba35842515657/--/default/train/172/image/image.jpg?Expires=1772789148&Signature=eso-Vgz~K0sMwJm2NHKguc-2WoBRdw4RViTY3Fj7o18fdR5-c5Ju6ZHNMZcRd4HLmGVryHJnPywwjDT-yJHLKSHs6-gZ1KWtO0otoj80CDEBgxyzSVv7o943F0fW~0JQrkkl2R~ha~CGhk6U7Eoue6OVLlsz~KyGHaj3qqdjr2huz3eCsM6YId05YuI~7Z4o3H2enToBcf6qvE02egK8J9eloyTFp~ZHtls0r-B0bpeEr3FEkdzyN-6msdEwwXt6vNTuDSccRulPVCEXqa7DUgd8T6ORPqlMsZbel~MHL1VYygsmyBaLgq46Vt2cJU7wPmKtbde2B2YSgGhJqlEEHA__&Key-Pair-Id=K3EI6M078Z3AC3,E:\Freelance\Research\D11_9_2025_Image_fixed_Detect\Project\T07FakeMediaDetect\sample_sets\external_hf_splicing_mix_100\authentic\authentic_27_row172.jpg,e3dc9141d660e0f5d7f40df4ea0df2123dcda80c3cf67acf05dcd218ba3c3f77
5,authentic,There is no evidence of any manipulation in this image.,https://datasets-server.huggingface.co/cached-assets/lorenzo-morelli/image-splicing-deepfake-mix/--/a071f3badf3b54c39b0ffa63d28ba35842515657/--/default/train/5/image/image.jpg?Expires=1772789145&Signature=W0HYYtuYLIzgzL6BQ511zreqIo7EgkS8fbEreIwFkRtKaU3daGV30AkIOSbYhaYkzI3gl8vRvpLajQTt9oy0tbiMYpcGBKK7h5EZ1E3ZhIJVLTWoMxoPayfVwttU9lxgWeQI8X4SgpmKCyUcZ60p9raP5Kabi-2wWssoBhxxWKr~hLibSCZgmD7bqAGTUcz6GLSTis4ii-XxsNsjx~jKvt66SM9kdAhYR6RE7C2wZV73vnrKd8yaYP8Dh0rkHLG3YiPZOpCg4iTCzL3l9shVboWvHueN1vghn-jO66-BlIE1c5U~qAIbhhtNmoIpo7jusIxtY0SXKF~n8v-9ufQlsg__&Key-Pair-Id=K3EI6M078Z3AC3,E:\Freelance\Research\D11_9_2025_Image_fixed_Detect\Project\T07FakeMediaDetect\sample_sets\external_hf_splicing_mix_100\authentic\authentic_28_row5.jpg,b925bda003398dc9efba3d05f7b8de0957466d11767db146d01c25ce30944ffa
2,forged,"Careful inspection reveals that, indicating that a dog with a collar was improperly integrated, revealing tampering.",https://datasets-server.huggingface.co/cached-assets/lorenzo-morelli/image-splicing-deepfake-mix/--/a071f3badf3b54c39b0ffa63d28ba35842515657/--/default/train/2/image/image.jpg?Expires=1772789144&Signature=YBd0W~VYxei7AnuvLgG25ZiV~i2Y1TlED0knL279BFoWmu061eankm84hPf6-lAk3WoM6IIFbxut0Pxan-xXpI1ckquRutCpVZ2L8OlyYbc8Qb8PDE85N~d0s3BQsqlnpBEoH6LWVaHgWo99GXLbQTv-lKGu~QiDZNg6xulEU6H-Vd0uGJyniyMAQCsmWFixrJP9ogOSqixk3~L8hAhBHY8nmFgbUBeXjFSC4L50TTlmDL-dv3tLm9BcSNRGx3tAyowLLkmA42peVgP494ik~2JlaOawOC~kAY8Pk-Lky8GhZq2gHWN1M3wbUurBiJyOxIc53CduUIDN7InmmkifKw__&Key-Pair-Id=K3EI6M078Z3AC3,E:\Freelance\Research\D11_9_2025_Image_fixed_Detect\Project\T07FakeMediaDetect\sample_sets\external_hf_splicing_mix_100\forged\forged_26_row2.jpg,be85c9fba93593302b9d34992e9e353261e758bfd046a5e4fe73922c7999a81a
33,authentic,This image appears to be genuine and unaltered.,https://datasets-server.huggingface.co/cached-assets/lorenzo-morelli/image-splicing-deepfake-mix/--/a071f3badf3b54c39b0ffa63d28ba35842515657/--/default/train/33/image/image.jpg?Expires=1772789144&Signature=FcHVCrqQbhGD75GbOTQ-QxIDDrBzXxV6L9aO5SqLQYptU7bV~I7Ii1PS2i7wTmb9-N98vys5DneAgcKafGfNZdva5EOi2haugBsiaTNCZy91cpqxgurHreMfaUmK69ULud-CwsHRcT~cYS~AyAQ3VcihQmWXCsgBSS9~0L6G5AIDr6dIr9ZjUZP6om~ahebFQC9XWLBFwZNvo7~Lp4aVLUwMIxeo-4suIhczB4ompBD08IqX0ocJViWRWIV4BVKLlGOBHTVl58yGLYlJVQGn1B1xJAFDY9xfQZ3TjN5pwbyaJSrmh7YdEyS~-qwaET~p-JfzqyrPjYeTSyVXkzNxbQ__&Key-Pair-Id=K3EI6M078Z3AC3,E:\Freelance\Research\D11_9_2025_Image_fixed_Detect\Project\T07FakeMediaDetect\sample_sets\external_hf_splicing_mix_100\authentic\authentic_29_row33.jpg,4ec8f1e9202409be2d255d3bba0408680f205f491860543c9208ad16be28a3d1
138,authentic,The image appears to be unmodified.,https://datasets-server.huggingface.co/cached-assets/lorenzo-morelli/image-splicing-deepfake-mix/--/a071f3badf3b54c39b0ffa63d28ba35842515657/--/default/train/138/image/image.jpg?Expires=1772789147&Signature=TTec0JyxMD-ArT47QOp7tmAdbYnTGgc7nBeqhDPHoNlQ0JYUDekoOtnDPrcSwI2OMBU4pUz5uis2Dl~Yh~6X-STXPu0Ng5XIoYu7Q5xJ~v8jwVn2EBJQaJjI4WuKrjebNzPU6achuv24neMaszmulImMLJuNOlp7FMvNvqvesusD4ei3W0Hm91AVRm94GCXVmpnorSGyZLGjxX8SncQdPU5Dranor05yWKU6fFg9iq8dbJjq1JwJEAqxjfWBy5FR2V0NU3q6J-mF9bXepX3EfCei-YelQAhp84ONqeRyh~VHcEdtKZN7Em3UW7AR~N27afC2OJLLlZ5GyzbBUUCyTQ__&Key-Pair-Id=K3EI6M078Z3AC3,E:\Freelance\Research\D11_9_2025_Image_fixed_Detect\Project\T07FakeMediaDetect\sample_sets\external_hf_splicing_mix_100\authentic\authentic_30_row138.jpg,7859b84ff60b76cc01a812ffb51afef0d2301278ee4b647fc9d2623b1ff2734d
18,forged,It is evident that a picture of a ship was added in a splicing operation.,https://datasets-server.huggingface.co/cached-assets/lorenzo-morelli/image-splicing-deepfake-mix/--/a071f3badf3b54c39b0ffa63d28ba35842515657/--/default/train/18/image/image.jpg?Expires=1772789144&Signature=UfIw3evjH8CvfUhJMK72F54v-f9GIeFsL6lIotGN4j5nVSeP0JX-VZ~03oKQVwQ1vz8WtCYIcYfeSY52Q0pU8uHdNdsxrVyyaE5N6fMrOzMOOBEDRYysQSktc79NNoRaf870SPUI2hB0gyfuWE7xSsvk0YWc1ocj5~K85MW131EVng7lztohO-coem~33UDUAEAA53Gd71iuzTgi-O0kEaQtc7E8wl61V~Vel0O49A6ZE3XP~zL04VnK-DvO49q~-r7G7zhWF2UHB~eur2c5vf53R4bYWtbZfnNbb~ZeQCYyyezFbrDKP6CNQ9G7P6Pz4gKOK~0G8r2arXTXKoL~~w__&Key-Pair-Id=K3EI6M078Z3AC3,E:\Freelance\Research\D11_9_2025_Image_fixed_Detect\Project\T07FakeMediaDetect\sample_sets\external_hf_splicing_mix_100\forged\forged_27_row18.jpg,a30b09496fa564156690e3d0e4a74a71a521b887da6c3dc44beb1e5cb3947150
47,forged,"This picture is a fake, as a cow with a green spot on its nose was spliced into the image.",https://datasets-server.huggingface.co/cached-assets/lorenzo-morelli/image-splicing-deepfake-mix/--/a071f3badf3b54c39b0ffa63d28ba35842515657/--/default/train/47/image/image.jpg?Expires=1772789145&Signature=szx~9EO17X2A5GS53qn6moO-saLMeu52ocZSvXNSQmyeXt9GRtYI9-M9blqUPRimgFEOkTst8Io0RqrKj1kqzRvZGJ0Ok07gI3EGpfA4WYEUt60Vqere1-gC-RRzB4UR5tJjYkpvLDvGaGNr7ahJ-wTtdk~RLbtM~52tIFxUZlkbiIev0vXGQtvewmEykm2ba2GYijC4aYJJUfFM6tSP3yy3eKrKL8y0VWLQo61c5TE6oCAgU3VTxKIa-z6aM4LpAxYRQ2zTakDSqlTMUdSwBFqw1M4B8GDaOAltQqmVMAHi2s0OBsnfMpB6nhvBTmMIVwDo1vwFnZG~awDsTo4ZwQ__&Key-Pair-Id=K3EI6M078Z3AC3,E:\Freelance\Research\D11_9_2025_Image_fixed_Detect\Project\T07FakeMediaDetect\sample_sets\external_hf_splicing_mix_100\forged\forged_28_row47.jpg,2cf8fac9925c0ed734fb0802f7adbb54cb0a99fb18eb57668f19c2f09cbacfab
53,authentic,The image appears to be unmodified.,https://datasets-server.huggingface.co/cached-assets/lorenzo-morelli/image-splicing-deepfake-mix/--/a071f3badf3b54c39b0ffa63d28ba35842515657/--/default/train/53/image/image.jpg?Expires=1772789145&Signature=NrxSNTfyIfTCZOSW3RwQFATLblBEbyknWo0fXoIyPKOyFt6XetZdcgIbAHTvu41I8DOd5HIpTtbVX6PRjoAaorv8aegRvDxlCeuwXA5inqzBHy8r0mGvNh8s6oUhU6FAsI-y-~PO54dBCTa07DDP9u5w92hGKFMlxHgqKQHT8yf40ZgEjg2lddplScJyR5k9ZwUaunGmWyshX~i4JGKM1jMaxcZeJhIkXWq-ZEYnLHRyDvcWXaq1-f0XVKPi56mI06FVjHSBUzoT9bJ5AnRXLP~STn-8KskQUOh7ar1LXyOmW0lKjXM~Ap5jNy6qwa0In~2bbfKvuKw4ra2N7BWz~w__&Key-Pair-Id=K3EI6M078Z3AC3,E:\Freelance\Research\D11_9_2025_Image_fixed_Detect\Project\T07FakeMediaDetect\sample_sets\external_hf_splicing_mix_100\authentic\authentic_31_row53.jpg,26d09eee622b3c757a10f2bf99978dfb83df268a25441e85474ee834c66d9354
29,forged,"Careful inspection reveals that, indicating that a picture of an elephant was added in a splicing operation.",https://datasets-server.huggingface.co/cached-assets/lorenzo-morelli/image-splicing-deepfake-mix/--/a071f3badf3b54c39b0ffa63d28ba35842515657/--/default/train/29/image/image.jpg?Expires=1772789144&Signature=Bt~pGFQPHtPUhCv8xAwLf2fHYn9mqPOmdC4X98RjCZ4sIyvqioDvja1KtuN9Ee2MjrD38KP9GM9boicWR9~J9xscWKvLMBhD6o74MvY8R0ZAzpEIcgkK-BUePhoOjt0bO0HSRMm6WcL2aO4j8IxNUXBKQ6ALmFEWAb4W-nZWUMlpvdjLrud6S8rmA~nJneGVpJ79UhWzHs2c2bFx6a~1MBsaL3PXB44QC19TeG0Eu2kgenHDxpq~-~KXNyxH3GJ4DNxTPsJWVZPoBGrqazb~b-GMRFSZE38hkDmlHQDLsQJLTFzeVZfQStdIXB3hRrN3HAnyOvhOovUbxZcZbFtsWw__&Key-Pair-Id=K3EI6M078Z3AC3,E:\Freelance\Research\D11_9_2025_Image_fixed_Detect\Project\T07FakeMediaDetect\sample_sets\external_hf_splicing_mix_100\forged\forged_29_row29.jpg,4758eed155a6361aecca31860eda932e3bb3e52c7b13e62e387eaeedfceb3f18
58,authentic,The image appears to be unmodified.,https://datasets-server.huggingface.co/cached-assets/lorenzo-morelli/image-splicing-deepfake-mix/--/a071f3badf3b54c39b0ffa63d28ba35842515657/--/default/train/58/image/image.jpg?Expires=1772789145&Signature=MmDV1C~tACYV98MT0o9NGUOpbczWNNlSwrU~iZtTQiq7hj5Ts95~Tnz7vTnrrIa~gcTXBrwSiEvO9q1B8kSZQaoMbSeHbPSFlT5WZftxUHxQk1GkyK2fa-n4F-ClGZdTLJ-PHmKcjlFDq6rXcM4-09mLiE3p3W1aM0YpEDzziCHi9YIGFw4EzgLEQMyoSnbiBQKNimBoVttP8Ouo6zuV0D~TsUICCOrdec8jUSMHMNy3WpO2YRDocSs-zfdEPCO1jzfFF2-vtYmmhwjIZfuStbWF2MVTTlPz9cMYoVrG9EpvjqBr6hqK2EhX6sLG-TX0F4iHrXg07StSyojeNzwhhg__&Key-Pair-Id=K3EI6M078Z3AC3,E:\Freelance\Research\D11_9_2025_Image_fixed_Detect\Project\T07FakeMediaDetect\sample_sets\external_hf_splicing_mix_100\authentic\authentic_32_row58.jpg,3fb4306b753ad5efed37522dcc822614e4f7a08c8822e591a9efdc0c0cb90cf2
12,authentic,This image appears to be genuine and unaltered.,https://datasets-server.huggingface.co/cached-assets/lorenzo-morelli/image-splicing-deepfake-mix/--/a071f3badf3b54c39b0ffa63d28ba35842515657/--/default/train/12/image/image.jpg?Expires=1772789144&Signature=QmuGo3qMUe-I5nYKJTEo9ZIkWSPpcH0OdjjqnIr5bo5Eb2aPSwvOf-F~hhdXIz~GxIc~7mNSzxN4bjVin7CIhGLkLn4gTNKuSAzrPoDvhE70AOu2mvhtl-45mr9cgvbgwiXAawRxuAhx2vzoyo31XQG0RBRHRzwoo0vlCIb087vwjGMa3omeqL3jYSUOy0VwzIFOEpy3bqg6TofpketysGfEMm-nBIPjP0BT6IJAQudop~3umPS5t7GOLvKGsRn63gg7~coNnavhJGeKgr2jxUDHHEyYXsq42dpiiJQlJx7t2Uwu4SMytDUBKb1HBB~YDf3IOxOKmAUCI22dEpev-Q__&Key-Pair-Id=K3EI6M078Z3AC3,E:\Freelance\Research\D11_9_2025_Image_fixed_Detect\Project\T07FakeMediaDetect\sample_sets\external_hf_splicing_mix_100\authentic\authentic_33_row12.jpg,c5b7b2736b81c14ba06e8a3d88218abfd1fd5d5384cc06c2898e5f8fa994604e
13,authentic,This image appears to be genuine and unaltered.,https://datasets-server.huggingface.co/cached-assets/lorenzo-morelli/image-splicing-deepfake-mix/--/a071f3badf3b54c39b0ffa63d28ba35842515657/--/default/train/13/image/image.jpg?Expires=1772789144&Signature=QDDNOyzOG2fitVz-Y9DqZrf5MIfZRleMLX264qxMcYPLhaFeYj0jYl6eVpIqHNITdSs-PcU0MTLif2aEnfZNGIffg3-ghIDfI5KD~pvqG0u219QSoRlOGYDFPLvykvSV58fWyTeV~VYJ4V9zKa3UcoybRM32nlxQmfE6OhteLzZr6q1HtMYQQEZPZKlJFHAKZOsUI~MG05eCYhGV88ZisNdfh5nVECNR9bid7UqeG~WAMsS~Zc4OcE2mCoB4m6Pi8Ng9I63wZdtHNYfRlOmfirV6BMSmNQADq1WgqRmaQFEaJj~00q7M86yLUdNZphiuS4fRWBTkgLisCyV9Q8CwDg__&Key-Pair-Id=K3EI6M078Z3AC3,E:\Freelance\Research\D11_9_2025_Image_fixed_Detect\Project\T07FakeMediaDetect\sample_sets\external_hf_splicing_mix_100\authentic\authentic_34_row13.jpg,5b9e1bd16bb76ec30eb6acb3790c3715cd7dd588a5f63ba3560ee698445265a7
42,forged,This clearly shows that a picture of a sticky note was introduced from another source.,https://datasets-server.huggingface.co/cached-assets/lorenzo-morelli/image-splicing-deepfake-mix/--/a071f3badf3b54c39b0ffa63d28ba35842515657/--/default/train/42/image/image.jpg?Expires=1772789145&Signature=mF1D37WOKCzI~A0joDPzBb6kR6I0RuvTSwA5rzlTzHx-l~yCNLLmhaKv0PQgqj4X4FTE0xH9Bcp5duiBnER64nQc3xY2nBgHwR0YSTY-LL4CYIUx-VuqdvN1CbEXt95ILNgkCcyVapZo~1oy384dN5iiPTito~2Pdwwei~a5R5kdaBE~j~66GeTOhldYKze3gaoJ1eGqv-M6c7ym24mXA-8QKOvBtvH1MdDdy1cmpgtAlD5keqmDinaz6VHJFXIuf71Mb2UwTLLFfBXWoyCXEqu8ua4BZLd22ZDv~a5dezJbfyu-4qVqiGqrS0iokrjNgV9eqn-ppmNUe2SSXKXV4Q__&Key-Pair-Id=K3EI6M078Z3AC3,E:\Freelance\Research\D11_9_2025_Image_fixed_Detect\Project\T07FakeMediaDetect\sample_sets\external_hf_splicing_mix_100\forged\forged_30_row42.jpg,3baa16162dabb08219872c2024080b1da33d51326ce4a1253a34de2a29deb74b
79,forged,"This picture is a fake, as, indicating that a photo of two seals was digitally stitched into place.",https://datasets-server.huggingface.co/cached-assets/lorenzo-morelli/image-splicing-deepfake-mix/--/a071f3badf3b54c39b0ffa63d28ba35842515657/--/default/train/79/image/image.jpg?Expires=1772789145&Signature=jkK3e2PkOrtzfyarQJI9O1t5d2r3b-6cGbBaTWeAVghbLrxh6C8NoKLytRkqA78qCtUnHfY2QO7xt-wW0jQEordMmH8VN4xFNgMqrnmB80xA4qoiATuS07HqSY9mkrYQB9oKJme3vDwr5GwZiesw7aPMxC6d1d~Q4kJhVEe46QBH6TT8PJROH8JqEyBWhjg7hd4EEN0gj6IRMOwXP403SAvXJhnmz7FkX6G7Y9JElTshyT4W63Pr26iUkX0RDJweXprOCW98Flb~2lK17IsPVWAqXe7nMOHQEmgjoMjQD40DSn7Mby9atBOqwEA1B83rPWCZMozcyvQ1KZO~6bBqCA__&Key-Pair-Id=K3EI6M078Z3AC3,E:\Freelance\Research\D11_9_2025_Image_fixed_Detect\Project\T07FakeMediaDetect\sample_sets\external_hf_splicing_mix_100\forged\forged_31_row79.jpg,322ac80c78a93b9a140e5bf60f8911947d9ef2e7e74fe0ee7627f770334ce91d
45,authentic,No signs of digital manipulation are visible in this image.,https://datasets-server.huggingface.co/cached-assets/lorenzo-morelli/image-splicing-deepfake-mix/--/a071f3badf3b54c39b0ffa63d28ba35842515657/--/default/train/45/image/image.jpg?Expires=1772789145&Signature=rezapinHNASFQkhm9pB4gTCLGZV1bcBFOY0kpRWDxa1TJ6ZEDs23btO2uce9blWpsI3K3UfrLxLL9woXc8ySIv1Owycd8x9IIXtJ5p2gDnPzYsBB0k-lY4M-DsKdXxqngdtJ3WC2QPrF2Y5reXCx71mdKdppIskKvb84CN2jC5K~Yz~JnRke8YzBiSCAJSXeL4K0lhLFKBUST1P0oYfY9YEiNcSXjsJDASMRl20sCLc-3fmVaNNS-1BtONcIoDLvb-b3k~~6WxpJ9NI2U1kNIXpDjDJ5pkhJlUEOu5JBD0WCJXp-c3gm~Yi3-sEN0fTKwxaPlhSSzjMZ1T8wFKm5KA__&Key-Pair-Id=K3EI6M078Z3AC3,E:\Freelance\Research\D11_9_2025_Image_fixed_Detect\Project\T07FakeMediaDetect\sample_sets\external_hf_splicing_mix_100\authentic\authentic_35_row45.jpg,7c930c7b6a913da81db217e9e00d1835f5d53b8f7daaa83c4b2a7bfa72fc808f
74,forged,No signs of tampering are detected in this image.,https://datasets-server.huggingface.co/cached-assets/lorenzo-morelli/image-splicing-deepfake-mix/--/a071f3badf3b54c39b0ffa63d28ba35842515657/--/default/train/74/image/image.jpg?Expires=1772789145&Signature=T1HMh~WTXcW3CCmGxBdv-WkVsrVuY4Yu3FECN6Q5zAxR6UktQcZgC-EpdnpEjA1~9T3AhxawiU8kzhi0DBKW7EUZleiTeGXqBQp-ekRAFWcOob~y1pNppo86dFDJW~u7ZSYRYLVGXUu2kbbU9MMMK5ZQvmCdkIAh8SRNgl98vNqgaLMCJkOZFJWxlEtaiPUbE0HbX0QjIrsfWzLq57LxR~r74F8MaMrhvTXIDryVRktgkF7E7x0S8Xct0Dw~AJBAl5Za7LSb2htEQNQbr7QYsNUNiI1I8jyeAV3haPtnPj9zLaV57Wdggp0e6NzhofkAbkzIF6Zf1tr7HboFM01nPQ__&Key-Pair-Id=K3EI6M078Z3AC3,E:\Freelance\Research\D11_9_2025_Image_fixed_Detect\Project\T07FakeMediaDetect\sample_sets\external_hf_splicing_mix_100\forged\forged_32_row74.jpg,d7a237bc8b55a78fe6a89929c5dec16ea43110dc8afb4836b6fbb64bb4624b00
153,authentic,This image appears to be genuine and unaltered.,https://datasets-server.huggingface.co/cached-assets/lorenzo-morelli/image-splicing-deepfake-mix/--/a071f3badf3b54c39b0ffa63d28ba35842515657/--/default/train/153/image/image.jpg?Expires=1772789147&Signature=HX03ibfW4WdgsROUl6UdKqMHzROtOSAaFTt9mbsGbE2uRNb0AB7wVMsTZTmq~Yoj03rD2Zj93CWpQYi9fdELIj7cWOyvtYU7IKGL1GF-FvVR5EEBeDSMXnzdaOXiyk5m2WXZr7zEf1K~QO4lCodk0S9bfZOSuXM8vfMb3Mb-pC6f3yD-Mu7XMCoiicY6UBvP~BOkX2kN007ucYEhIN-FHaF6CsvvktNhn8Pw7l7FiAwb67MnpwcouypHNbcvRZy-azlJsq7tmt1F8-SRuZwssIecoopVsNEa0QlWdj4Gw~ynWnW2gN88JnHgFr-VvBalbMjsE1bQNLQwR~9AonQk5A__&Key-Pair-Id=K3EI6M078Z3AC3,E:\Freelance\Research\D11_9_2025_Image_fixed_Detect\Project\T07FakeMediaDetect\sample_sets\external_hf_splicing_mix_100\authentic\authentic_36_row153.jpg,10ed4fbb799b9fcde76478a168cab9afc5bcb23d3339a9998e68e680a28976a1
91,forged,This image has no evident tampering.,https://datasets-server.huggingface.co/cached-assets/lorenzo-morelli/image-splicing-deepfake-mix/--/a071f3badf3b54c39b0ffa63d28ba35842515657/--/default/train/91/image/image.jpg?Expires=1772789145&Signature=ttwT19vu9zu6eWX~9PfYMFYp8waPhtTs1kgSWRr-EUkt0rsFIxDk75yHFe-R86A1mNK1yveD~job2VpMFamx5HToX9QUREzzdEVgkk~oATPJVuerOj~ue5iFbQ7ow6maA3uyRR5F8M4Lrsv32~QuRwi9ONeontJWf-g4IS07ON1GUEl9UUWfP3htLD3KNm7hZOPL~GD~LpMcHDsXJQCwQT18w-mpiMt~tRrglRZLv-pWj-3puQwpGY6pJK3pyfCkc7LOOlM-4Qeqk4L2P3e2oQ7nLa3XnMF4Xb3vL4h220VHx8oiC4aC0AhjTe7tDui67V5jEJ9LC3nygdqL~Bco0g__&Key-Pair-Id=K3EI6M078Z3AC3,E:\Freelance\Research\D11_9_2025_Image_fixed_Detect\Project\T07FakeMediaDetect\sample_sets\external_hf_splicing_mix_100\forged\forged_33_row91.jpg,8a423162700433bbfa9db95636bed0a20277bfc8da6722d86c78ac884f90a40d
46,authentic,This image appears to be genuine and unaltered.,https://datasets-server.huggingface.co/cached-assets/lorenzo-morelli/image-splicing-deepfake-mix/--/a071f3badf3b54c39b0ffa63d28ba35842515657/--/default/train/46/image/image.jpg?Expires=1772789145&Signature=Y1Ygdz5M5jxo4pu31tO84y7HIENJJfsyw3q9Dr9IIz9Jt3jz2tthYNcKngvVSwAMPKJfuvPGnc3zS19RPPkIJuKqWBnWshqp3LzvQslPgUqQVIUT~zO0Dd52grMADvn9ZdGKVHhs9fFWi0lRJaPu2-f8amGQ23raKRn2iogHka04MO3mxDPS-AufBHdgb0EYX~YDCHs5ih-TwLXOS0Dk8ayrnQa9qdKtTCMhFLGdMyK8AhGts2-jNSSD0P4yWwYmEx4BtphW9hTXvcjeXDri07srQtwLf~ORZMYcPsK9uqiALfy-OURl5kUh4-z-JVHWVOr6hN6n-gwye2jEEOlRiQ__&Key-Pair-Id=K3EI6M078Z3AC3,E:\Freelance\Research\D11_9_2025_Image_fixed_Detect\Project\T07FakeMediaDetect\sample_sets\external_hf_splicing_mix_100\authentic\authentic_37_row46.jpg,3c21ba1881b817bba7d7c0596c461a813362394239227bbc1fd56f1ab6f29cec
0,authentic,This image appears to be genuine and unaltered.,https://datasets-server.huggingface.co/cached-assets/lorenzo-morelli/image-splicing-deepfake-mix/--/a071f3badf3b54c39b0ffa63d28ba35842515657/--/default/train/0/image/image.jpg?Expires=1772789144&Signature=H4Aj75d9Mpbz1hGpOoo6-sortVVcOdVeyGLT~-RZXW6a498Ie7kBXm6EKHdr-mpZ5lW62sdXmbQXs0BNz3~BUhLcrmW5xa8TFsRzr1I~Ouq~JdXaivtdmkN7et7Vd0HVsYqtu~Fiwn60WhJjrXWCEEYb1GeHjhNJ01UO7UqVR62jC8Myimg1UhTPYxFBFn9wVZvAan-eMnrpBoO2V8M4lCkco4ynAfR976hfTccM~SES4NOK40RtdUKk7irl8QPEgv3FAl6AzWw52H9K2lS~n44ZjYoCRnanwWI6Eccp4gSj6mcNjXcyFjc534OMFWRDdmYdZuITHZZpWqqdZBfQLA__&Key-Pair-Id=K3EI6M078Z3AC3,E:\Freelance\Research\D11_9_2025_Image_fixed_Detect\Project\T07FakeMediaDetect\sample_sets\external_hf_splicing_mix_100\authentic\authentic_38_row0.jpg,5fdefe9b00eb10373663dfaac9e8594093f3aa7d571edb9e75116c498546e706
101,forged,"It is evident that a butterfly with a blue wing was improperly integrated, revealing tampering.",https://datasets-server.huggingface.co/cached-assets/lorenzo-morelli/image-splicing-deepfake-mix/--/a071f3badf3b54c39b0ffa63d28ba35842515657/--/default/train/101/image/image.jpg?Expires=1772789147&Signature=jf7rqjirGz9tpmKZW6FSTyg~Owwfk3WVvdBREG9TfIreV8NFPgA6-WB5W3I7mlAm8eNfCfPphNv~g80fKrsbUzUNaYf2S0euakkVsnsc4Y-AMbfLnAlZ4a8RbB9Hcad5JqljYjJipiqUA7ZPzysksu7qnB5JO6mpThVsQViblQsUNvml19rjS9S2iD0PkUJPGuCb4WHaSzAwb3gziZ-K2c0yJqvAtipIo3MCNXW3omNYde~z5D8vOQ7i0HR9YOrNHZXpUrzFtzXCjVkDnvJWBw0XJCpXT5wnZte4r2BogzEj0uzMEMJOlirO6J0sB4fyiswOc0dH7SgF8sfn2ILqDQ__&Key-Pair-Id=K3EI6M078Z3AC3,E:\Freelance\Research\D11_9_2025_Image_fixed_Detect\Project\T07FakeMediaDetect\sample_sets\external_hf_splicing_mix_100\forged\forged_34_row101.jpg,2f2859916123da83914536b58ed00f8dac58a0fceaffc9f9759945e20085db83
15,forged,It is evident that a fish with a red belly was digitally stitched into place.,https://datasets-server.huggingface.co/cached-assets/lorenzo-morelli/image-splicing-deepfake-mix/--/a071f3badf3b54c39b0ffa63d28ba35842515657/--/default/train/15/image/image.jpg?Expires=1772789144&Signature=M1u8ixK~Vdh98pF4KkWPAfhJ0QPvpTwOd89bTUO1oNCE6N8w7rNVUmZrvfZzH84dJwTe-QHbW8pbtJqUHvdigH6~etN-N3WnLSBFSmTxZUxioQPQoCpmn2gc4GuX7sO3LEEhH9dN~pOwgMRas9BfoBAHUgG7pYZ~aRMvLzfisjy5N3Su5B12pM3cNShfKm8SZqZzQ6ZYFkTcNuLdd0cY03cVabtRZ5ShNVYHH~bKy06gsx922OCmxnBbwRL0GPwJGidZLmXNABdiz6RH00pQN1BpkYvYZkYG76AXn~CTQlGpVgRRoqT1~fwbZdHspPxzCWZmDtGfYvDoeMDtf84ZCw__&Key-Pair-Id=K3EI6M078Z3AC3,E:\Freelance\Research\D11_9_2025_Image_fixed_Detect\Project\T07FakeMediaDetect\sample_sets\external_hf_splicing_mix_100\forged\forged_35_row15.jpg,6d29cf907fae5f75210cec34ec35c81efaf52d0758a7d3eeb52e97c48745a5d9
96,forged,This image has no evident tampering.,https://datasets-server.huggingface.co/cached-assets/lorenzo-morelli/image-splicing-deepfake-mix/--/a071f3badf3b54c39b0ffa63d28ba35842515657/--/default/train/96/image/image.jpg?Expires=1772789145&Signature=WXVeU5lXcPEIk-1UzbTGWe6MvMbzQXhiC~YRYY~ikIBsEDN7e4g1fYhFKW7pQpcyJjuW9LL7i~WiG3bRJf9e1VgPiwjHkGE1Dw~XrpyC4aKjnUItCe~DDz50Cov24ORCKBQ5ehCyGrU1x4vs7BGigqD2P~ApP8WFbDd7fPFOHsY8JKzNjDGeUPtj~RFhxAqsFB4JovtVwFKtFaLMw8VB3XG7JbEBdFXk3dmaXdYryHEnXqPSIH6SUNyYI~g3Gl0egv0uFINNus4GnM3F00D22B8qJCZxhDnOSqYtLdHv94FVVs9Bb2jwQZky7kVkmmOOxbNZ-Eep-nggJe1rhvtU0Q__&Key-Pair-Id=K3EI6M078Z3AC3,E:\Freelance\Research\D11_9_2025_Image_fixed_Detect\Project\T07FakeMediaDetect\sample_sets\external_hf_splicing_mix_100\forged\forged_36_row96.jpg,f614f21a44e736d952b3922b2b418e0bbbd1645c8aa5c29ec5f7db59c427d493
7,forged,Detailed examination demonstrates how a photo of two dogs fighting was introduced from another source.,https://datasets-server.huggingface.co/cached-assets/lorenzo-morelli/image-splicing-deepfake-mix/--/a071f3badf3b54c39b0ffa63d28ba35842515657/--/default/train/7/image/image.jpg?Expires=1772789144&Signature=LP9gxWplSh13LH2qcve~UCHEFQSngzzq~F3Je9MbH9VjFlvzhUBRw5MaZpwuHhXefWsqh7WflwrTCb8FLuvuJUL8jCqWTzBChw~dnIeSR94gw5LT3Trtwl~oKePEYrYnsWBHcXS9ZPajO9tmOQoRh2fXxOORSqP9Hn8dPiNxJ1EdQVfhNY6I70BzyV5CKq9v9E7AUvEkcpW6UQcLc20jnMqUbfgX7AH3EdZfWZtAyAB8HqwhOuD4ZNq4UAabzj1T3PuO388LFWmEzZJQDU~ewZb2ooOKC~sQBIRiaspRzloulutQhiCxH-OVxyfYYtDPdgdNJXtgq6Ak9~v2cufejA__&Key-Pair-Id=K3EI6M078Z3AC3,E:\Freelance\Research\D11_9_2025_Image_fixed_Detect\Project\T07FakeMediaDetect\sample_sets\external_hf_splicing_mix_100\forged\forged_37_row7.jpg,0d97b9ad961f9fcd79fcb4236c9eafea5f49a2eed4f5b3079574470afade9435
90,forged,"Analysis of this image indicates that a man in a purple and black jacket was improperly integrated, revealing tampering.",https://datasets-server.huggingface.co/cached-assets/lorenzo-morelli/image-splicing-deepfake-mix/--/a071f3badf3b54c39b0ffa63d28ba35842515657/--/default/train/90/image/image.jpg?Expires=1772789145&Signature=oZtX0tbB9ClV-4BZ3k96oqmYr7B9LJzY4XPeiaBlb-Pz01xUc9ujvxwHvKoTlauRIZ61ELFwGwQPa0OsjO3YMcw6~DXzVeLkrVWZqxejaHsW6Zex--AIotHrGOlxRt0lfWz1TtWsNaFE7HLWQLLFogRoknGwXkRPMC1ssrlxDLk1PwEd2AvEOEHAUucaCrYuvx3Hj7a-2JFWJ66moTDFsrsdA~i9ueyo~PsxdPXPfGzGphND79GAC8hhYMfBJz4VHDGHyieiLx-WqcoznwPKfb-8GE3ewIUJhsmd5PL6me8IhRXAmI5jt8n~oI2ClN2Ip5nSRnpYDksbLObT5yjxVg__&Key-Pair-Id=K3EI6M078Z3AC3,E:\Freelance\Research\D11_9_2025_Image_fixed_Detect\Project\T07FakeMediaDetect\sample_sets\external_hf_splicing_mix_100\forged\forged_38_row90.jpg,2cf58b1bf1cbbfa9f9877bb0b5c04e0f46f65ede2cb8e9a8276056abb2279d90
61,authentic,There is no evidence of any manipulation in this image.,https://datasets-server.huggingface.co/cached-assets/lorenzo-morelli/image-splicing-deepfake-mix/--/a071f3badf3b54c39b0ffa63d28ba35842515657/--/default/train/61/image/image.jpg?Expires=1772789145&Signature=xUKItdMWPxjgEwKEuKx~vBcC3aR0A6mhD6cYfaEnJYKGZ1~cVX0-WXgDAOK-3MQncEjlb6~vYCna8mlu6jdo-dNCte0kLBQB8r~mA-IRe~1H2LQkVLn35H~9f0UtTIHqvHkrzRJPOfRSCR3DPVa2owE4x96eD4vdcEN~xC8fHBfxOVi7f1WR-cdaalxf-rcWaW-AN7b568Rbwz5sIzbTvQJYluQtQ5Nzu~3xtXXiAPOgM-TkeSm1Cn~k2M3uCNPHHgvcs2YRbDA3ZrU4NU9YR~Oeq4o5pnHj2LDOR3T5YVXp3DU6hgimcvtDEVjPfd-tJ8a64TnoUFIjaJ9miMbpjg__&Key-Pair-Id=K3EI6M078Z3AC3,E:\Freelance\Research\D11_9_2025_Image_fixed_Detect\Project\T07FakeMediaDetect\sample_sets\external_hf_splicing_mix_100\authentic\authentic_39_row61.jpg,5ac4d4d625842de0e25f593fbcc1e36d6fff2bb0bcc8c53df88ca60cf6c414c9
55,forged,This image has no evident tampering.,https://datasets-server.huggingface.co/cached-assets/lorenzo-morelli/image-splicing-deepfake-mix/--/a071f3badf3b54c39b0ffa63d28ba35842515657/--/default/train/55/image/image.jpg?Expires=1772789145&Signature=iSkb3IyeV-YqxbY2~5vv8ZV8cA0lq6V~17CPeGgsTo41KiHMeeJkN0p44YtKB2exUUOJr9xCByzvYSxS2~Vl0ckOom75oUiuDRAS7rQZHeVG9q3aUh6Uxuri5ud6UUnob-2TaeP-LJxy743hVrkp8U0h5tkE5oRevWmo7dQxEK74UHySW7YcOpnA7vLGn72-bBFQRV5J5QcjEbGryPOn72oMFzLERi1D8Q8vLwc7FOK2jao1GprY~2~9gjhDq-OZgodQvCAKlSTfndjLYDh1~LPcSrYbF6EBum6iEEPWrpdjvD1eFaQG1smCBfgODJ1gSEbjGpI2EK9RwJJDhsV6~w__&Key-Pair-Id=K3EI6M078Z3AC3,E:\Freelance\Research\D11_9_2025_Image_fixed_Detect\Project\T07FakeMediaDetect\sample_sets\external_hf_splicing_mix_100\forged\forged_39_row55.jpg,e432f10532175f74e2ba979255f7e1c211110f7c5bda5fd6e1827969a1bd815a
82,forged,No signs of tampering are detected in this image.,https://datasets-server.huggingface.co/cached-assets/lorenzo-morelli/image-splicing-deepfake-mix/--/a071f3badf3b54c39b0ffa63d28ba35842515657/--/default/train/82/image/image.jpg?Expires=1772789145&Signature=cxQVvxYSRwoHOZOWPFFXYvqLVZmSCjY9erotCea3W1jSCFlC6E8135oXPTEO0wuJcC5ibfTVuLOOeEFhAQIa6pdmRs38TNgf5eeUpJEBXA6UR9uQxrr93dUSIxqZto~B-p~PvVfhuuAKmGdp2kjIrl-dcFrPk~zhGsu6ZXKfyJUzdX92AgqkZuzBjiwF73Yl0ZXeZgN-gZt8iAOdNzW9ZcFsiOn8z2~L4Mdz59ZmlACunG9ce0fu~KHcFxQPfPdFKJ7I1-vbCW-rh~JadWTsyP5yAaIyrMSM4bZubeyuJQ9y0CIVYIws64ksRypeULkLKSP~CFcBTUOA9TkpEoirjg__&Key-Pair-Id=K3EI6M078Z3AC3,E:\Freelance\Research\D11_9_2025_Image_fixed_Detect\Project\T07FakeMediaDetect\sample_sets\external_hf_splicing_mix_100\forged\forged_40_row82.jpg,9d7959a8709909489014f561ef47498959efff8017ab59795ae7d2affd35dfc6
71,forged,The evidence of splicing is undeniable: a chicken with a very long neck was introduced from another source.,https://datasets-server.huggingface.co/cached-assets/lorenzo-morelli/image-splicing-deepfake-mix/--/a071f3badf3b54c39b0ffa63d28ba35842515657/--/default/train/71/image/image.jpg?Expires=1772789145&Signature=sALGR0~8ym-5PuQjQx55mXuoO1qGuY~QparbesoCqn~ynjIqQ6cUdVNwXJ5use39PuI3mHyKFMNRq9wHbDpb4HLztJBJgBAopTxtbLwxM8UMKqTKvtux3~z3AEKDs-0uq8Sud46CxvpCJQ6~QFUGT3Eb9ZJjQVlf1x36owuT2-sqwqujkBlWjSVLW2wX-PYdlhhuoweUSQ5bVoo~UGEVOUH2bQOGeVeiosHuzgoFOazL9hqylKIq40H0elAlipob3mTpZ-bIqfHSYjzvdTWafLq2RjtNlk-~Jj9EdUDhCxed4pFW1T3EEoQIdp74FTFyhV3MwXL7I19kcNNOC75o7g__&Key-Pair-Id=K3EI6M078Z3AC3,E:\Freelance\Research\D11_9_2025_Image_fixed_Detect\Project\T07FakeMediaDetect\sample_sets\external_hf_splicing_mix_100\forged\forged_41_row71.jpg,0774ac4469de8f09e8c070463f01a02526837fed6e9ca8ea15206126eb3d3af2
36,forged,This image has no evident tampering.,https://datasets-server.huggingface.co/cached-assets/lorenzo-morelli/image-splicing-deepfake-mix/--/a071f3badf3b54c39b0ffa63d28ba35842515657/--/default/train/36/image/image.jpg?Expires=1772789145&Signature=GexdLRLrT-dmkrE6iyT7JHWNa59zPuV0bRwmaklwW6ff1gRsKFlVVdR79IsCdLdTrO9eDnqmWmJQD9wQ6J1RM90jbGHHmhcp-vns-oojYyEHDNlv6lfNkF2mWSoJhzC-dLgNjBqBDoZfxLOl36YrkrfeuYgEnOFBVVUM4WDpbti4~Or2EjMRmxoqLAdNK1XTgG5p2P-Pt-Ede5nrGTodSOc0NWa~5psCYG6-a8JBfyv~rzgv~P6xMj5GXV-PkGL~Z5ERMc3yxQEJ4QgcatiwbMgcEd2-1acRMAmtkNXzoebs7Xx6QU2csC5iN9shzhrekBoTop2jhlLaBa7bnA3zgg__&Key-Pair-Id=K3EI6M078Z3AC3,E:\Freelance\Research\D11_9_2025_Image_fixed_Detect\Project\T07FakeMediaDetect\sample_sets\external_hf_splicing_mix_100\forged\forged_42_row36.jpg,116b7babbe6fabd7004e0f5ebce623cf6fe8cd99a0855d9606ee7345b666556f
84,authentic,The image seems to be an original and unedited photograph.,https://datasets-server.huggingface.co/cached-assets/lorenzo-morelli/image-splicing-deepfake-mix/--/a071f3badf3b54c39b0ffa63d28ba35842515657/--/default/train/84/image/image.jpg?Expires=1772789145&Signature=W6FgTI18qaAnebz055R33kYcvz4rmDPBNaFCdTPT-MOzFAlizAz8aMlAXuOeb1JfC-Eukj9KgAAB-ZBQs--CGdcPgkg2IHNn5Qel91VtDuyMWAkgkhmhLrP8oaQX1EEzcrtHPFCJW4pesirO9gnH28V44uTzdUFjBuGuEgunpsCDA2NISAnoUCRdYIoU6syxoOQAp-LWf7BlxM4DlrEebBgFWELkbwa-Ev-bNwus9PCOkZBPn3VDBMwGuASISpSQ-kYmgdD0X1kFpempaDXdENDllB3H65d56XMjMwyIIJZhChmaEnIMfWqh4lbfIU-MqrQ-lHQAqlCKvFdmlML2BA__&Key-Pair-Id=K3EI6M078Z3AC3,E:\Freelance\Research\D11_9_2025_Image_fixed_Detect\Project\T07FakeMediaDetect\sample_sets\external_hf_splicing_mix_100\authentic\authentic_40_row84.jpg,82c70d340f4732c8072b9252291a01165a6d76cc745b51bfcec75a495deffb05
73,authentic,No signs of digital manipulation are visible in this image.,https://datasets-server.huggingface.co/cached-assets/lorenzo-morelli/image-splicing-deepfake-mix/--/a071f3badf3b54c39b0ffa63d28ba35842515657/--/default/train/73/image/image.jpg?Expires=1772789145&Signature=xplHejNCzPUhFN-OxbkpsJnFskEXFvKyUAeE0hCqRuh4PnNkyy6MxZUB1ErjCPoH4-UP9bbo23qiAamBEZx-0I9I8gkVjGOV8NsIq1asuUOo3qTO5Hr1GqwdFYjzW8pJbR39iqBQW9b~gZ6XnnUVkCo-FmIwulKoautXa9j562oN0latOOySrCY2G0lJ1L2Oq3lsm6XV86Ekn1O1Lf1V6D0iBYdqvWT1SPgE1XJ0eMRGUqZ-w0UTsPA~oB7PXvXBNRluf0Lz-gMQ-EsG0VNSC9qDd7~AP6~2JM4F8aeZN2wWoN3Ka2sSuT6o26IiSIBivtZFk5EcFDoEliBc1T-VcQ__&Key-Pair-Id=K3EI6M078Z3AC3,E:\Freelance\Research\D11_9_2025_Image_fixed_Detect\Project\T07FakeMediaDetect\sample_sets\external_hf_splicing_mix_100\authentic\authentic_41_row73.jpg,b242dbc6a9755c9a9137c51f7750e278257d0c88b849dc314b5e0d7c73ee4c30
88,forged,"This photo clearly shows traces of manipulation, as a picture of an ostrich was spliced into the image.",https://datasets-server.huggingface.co/cached-assets/lorenzo-morelli/image-splicing-deepfake-mix/--/a071f3badf3b54c39b0ffa63d28ba35842515657/--/default/train/88/image/image.jpg?Expires=1772789145&Signature=g0haMl5UNEIL3MzpcdS7VbHCMKYs7P5nDC4IeYdEH0IWDLd-oneNkFczcyOFKUrwwN0AZD9mkQtQo4AEEUH2J~4cve4~r5LYuqc5KZqC0lwlw9GmFEfa0gTjIat9FOnr1e3ftHW9TiBRHQRQISePJMnJq7VkjLWnIYPy~Mk0NSNPeDP8SWV6BzYSc9Lg0YdGsZKs9rKjvaYkTzkSj13QJ7Xtb~2MTpfZrANI1ycWXTQS8o647LgOFD9YqEPZLLS8UulDy3UvmMH~x8UPfFo2bnWEVwghSlhAebifx3qySvyZALLiXT2aTvP7hN7ZpUyR6MZwoKoTIAjcetoSgSnTlA__&Key-Pair-Id=K3EI6M078Z3AC3,E:\Freelance\Research\D11_9_2025_Image_fixed_Detect\Project\T07FakeMediaDetect\sample_sets\external_hf_splicing_mix_100\forged\forged_43_row88.jpg,568bdbfc6b91a3b3362359ecfb9d445baf5c1d234b1c40968a743c6cb246ff97
106,forged,No signs of tampering are detected in this image.,https://datasets-server.huggingface.co/cached-assets/lorenzo-morelli/image-splicing-deepfake-mix/--/a071f3badf3b54c39b0ffa63d28ba35842515657/--/default/train/106/image/image.jpg?Expires=1772789147&Signature=qp5br4bWMBVzCyL295r5aMw4Ecki62ug6W~tECI~36U22C68kDw-X6d68zPrhMdNb7h8SgfQvB22l3yNYt-oWzM9yDoiMAC6sP7C0HpYuEbhYC~g2E1BR72cy19g6CYylmO8dsfw6XwfeXB4CDZZu5rHPZb0zdzxiEswO2D3F4-hZmhWTxkbV-DUU4j72cSVO39GZ77BrnnTIBff7oZnP6uMEYweYpJqrO4kBa4j7fQMyDCD1ZXek25LLuPKfeUsU3-6HPKqjn53OffZK6elvmxtrDuk0LyMek4ojL7KPujCWKjAMBw6eGVKIzdtfoVnx6foX3mr2b2m~Dn3zL86Eg__&Key-Pair-Id=K3EI6M078Z3AC3,E:\Freelance\Research\D11_9_2025_Image_fixed_Detect\Project\T07FakeMediaDetect\sample_sets\external_hf_splicing_mix_100\forged\forged_44_row106.jpg,b7f64b57151dec7909879ab4dcc9046e7b9fa783a44cfef49a93f889540d5cfd
8,authentic,The image appears to be unmodified.,https://datasets-server.huggingface.co/cached-assets/lorenzo-morelli/image-splicing-deepfake-mix/--/a071f3badf3b54c39b0ffa63d28ba35842515657/--/default/train/8/image/image.jpg?Expires=1772789144&Signature=z1WbAtI6EtNBw~ICf5TVHMY0oX7YUZD-dfa3k9Wq4Tk9Ju6~05yqK9Z1xH6s8T1KY~b9Emi8dtZMBqnlxuRWvSahdG6cMeS7dri8eacLqNQFS7gDwh4stwx7Unl~I930HvmE8UuRcRPijVXC38qmsmqownAwGanz4v14Dv05c6Lxxt8oK~BAc2si51jTUCBOz6URCkzwzNuuxhK8pM4OumibPIYnckbJ~o4Y~vCw0gkcm96FzXD46HlU-VBLaeO3nAGv4yztEG~CkY6pxt7kQ8EgEtrxhnlKrHYOp1Rkz65-fHGVqzuUrhNvP9wjqH1AXNu-C9iESSsuIJFdB2UPkw__&Key-Pair-Id=K3EI6M078Z3AC3,E:\Freelance\Research\D11_9_2025_Image_fixed_Detect\Project\T07FakeMediaDetect\sample_sets\external_hf_splicing_mix_100\authentic\authentic_42_row8.jpg,56591f9f33bb9380eae9bcd3886d33dd159ce14a75ff8df74f6550f5e1f1fc2e
9,forged,"It is evident that in this image, a picture of a cable was artificially inserted.",https://datasets-server.huggingface.co/cached-assets/lorenzo-morelli/image-splicing-deepfake-mix/--/a071f3badf3b54c39b0ffa63d28ba35842515657/--/default/train/9/image/image.jpg?Expires=1772789144&Signature=XZXlHxhBcyvJVfkwPXeevn540zXeJ3PLxEUSzdUAcpHuLfNu1fenftOArOYPUFBcA~zpFoycBmFCSExPhIpnX7dD7ltu8ejxDLJm0WFbPiq82Qmd9yC5~Xz7mJM~sorNQUjBhMchzJZY5w1Ww8KSk6BXinDYJ1p7tPS2tMFzp-mEXjY2ollVU8pbGo1Z~zC1OVbYfuTXfUh6zfkFb5w4Y6E33b1X1DrL-FiMmgIpsQyNtWq0wkJdTe9L~isyEutGBavOO09o~PPVoz1EBOJ2kfJMl~mxvc1LwNzB0Du0dkkdZrH8BcKXqyIfsVjN2J2PH0qXCz4DZC1X41hPhatGmw__&Key-Pair-Id=K3EI6M078Z3AC3,E:\Freelance\Research\D11_9_2025_Image_fixed_Detect\Project\T07FakeMediaDetect\sample_sets\external_hf_splicing_mix_100\forged\forged_45_row9.jpg,2021661df3bfd4f92c59ebe3b663b835b787f7fcb712aee476754244a9203a59
67,forged,"Detailed examination demonstrates how, indicating that a picture of a green alien was added in a splicing operation.",https://datasets-server.huggingface.co/cached-assets/lorenzo-morelli/image-splicing-deepfake-mix/--/a071f3badf3b54c39b0ffa63d28ba35842515657/--/default/train/67/image/image.jpg?Expires=1772789145&Signature=uiWkac1T~OSk6ckczEH1YKmh8DtqTSsa-hZ~zG4fWB3ZeCrORim7hLXxr5utYMlST5TFTR4hQKdI1AqkIgICZggBUVZStyzbGiMG16xO7QvjUQddCMJPc0dsSvel48g2KoWdn787TxJHXqRhTWHhE1h3oomHz7YAfGm9ja1RJQFhrYgwXVvIF4TpAVOvmgd-Qwc2I93C-M1-J3cb2SbpBEPyKoyHRSYYw7rPqaIuiMWaQ8nH7JvKV3y7nJtdtwl3NGt-miK4UkNiw7-HJCp3dSofkNytxMQi~UABy035OzZIL5taUQCS2Kwm0HsODHtzCjtamajj72hfdj4005eqgQ__&Key-Pair-Id=K3EI6M078Z3AC3,E:\Freelance\Research\D11_9_2025_Image_fixed_Detect\Project\T07FakeMediaDetect\sample_sets\external_hf_splicing_mix_100\forged\forged_46_row67.jpg,bba6f68892a8e5f42e4ba6e530ce94d046ac1516793fa7f06e57751cd5611bc6
25,authentic,There is no evidence of any manipulation in this image.,https://datasets-server.huggingface.co/cached-assets/lorenzo-morelli/image-splicing-deepfake-mix/--/a071f3badf3b54c39b0ffa63d28ba35842515657/--/default/train/25/image/image.jpg?Expires=1772789144&Signature=Z0CaeF4NHmbhy7FwMs0BXBRdBBqTv9oR75cmUImZ2SDH-oEreKvnn9IVHKeUYH946fofxTMkfby3hhW5Kax3YSw-Q2Vcm9-sI6yJewo-61KKrNO5ixFV6qCEtNK0pary8hL32jBheBtwKBXi4KIBnjIAYsWz2QNNsnOxBj~nae94i6zyJGKLcWN9CTMDDFzXPL6LKSK9wwGxAS-uHn7zhqkXcf5RF8wgHhCVl57U~jnkEgqXMSKUG0BRxk9vTglPIx3rtXLO-ENpsMck8VItHEh0h3xIhTaQx7pXCHtZ5zISNSfe6IqaTraxfgOlNkR6lpxAF58cDSR8K--QKjwrAQ__&Key-Pair-Id=K3EI6M078Z3AC3,E:\Freelance\Research\D11_9_2025_Image_fixed_Detect\Project\T07FakeMediaDetect\sample_sets\external_hf_splicing_mix_100\authentic\authentic_43_row25.jpg,76cb2d63d83f031aa8987fc882d2b59eecab015552c7e3dcd7d9de983511c15e
49,forged,"This clearly shows that a picture of a cat was improperly integrated, revealing tampering.",https://datasets-server.huggingface.co/cached-assets/lorenzo-morelli/image-splicing-deepfake-mix/--/a071f3badf3b54c39b0ffa63d28ba35842515657/--/default/train/49/image/image.jpg?Expires=1772789145&Signature=LZEnrtQ7WmIDiGwYWeFaTocHHXPzQS133PP6ODgRCZfzeYvfw5E4HFQQ4d~JnKwnJeH4~f-2m3Lf51Tyfv3liTG6bRNjIfIxBs4al6BMAdGslPIU8ZwfRQsLSGrMlyQLTwDN8SiEN3Wy7gyhg0Nn52DHQFvKv1WNE0Zvjw1hsDZDHvfmUjGBkSqL5EY2r1txm~SGbYWxSkBlgiRd65FvVecIMhBFCvbHllw7~cXZJqURigDb1-Do0NIU9SVemmFk5Tvk6BJAMcYkClU5E84fLYmfnwqreDJmwvKW9qVDvm6CmC-0qmsNmpXq7yvIq351YK5Bxs7-z0Kj-Emp4eKNAw__&Key-Pair-Id=K3EI6M078Z3AC3,E:\Freelance\Research\D11_9_2025_Image_fixed_Detect\Project\T07FakeMediaDetect\sample_sets\external_hf_splicing_mix_100\forged\forged_47_row49.jpg,d14d8969e68848cf5fdfbea4379cd22c695e09519e59c07c0aef47bed74886ab
86,forged,This image exhibits signs of splicing where a panda bear laying on its back was copied and pasted into this scene.,https://datasets-server.huggingface.co/cached-assets/lorenzo-morelli/image-splicing-deepfake-mix/--/a071f3badf3b54c39b0ffa63d28ba35842515657/--/default/train/86/image/image.jpg?Expires=1772789145&Signature=q7yjDSmaNvEsG9OR7hsbZHFmSwVFQYfghm10zBIxrc4XWUrdCligUJEHfyhEff1qZZVTtuKOhA21MqE~9SvTTDoLUiNVsHbeWd~AhKmgb0uCIlGM8mxWHFJ9el6Wht93f~KelZXCrp6Ql-UhvfQvtcDZtUGF1-BP~shEUbUCn0aEZSqbQvjN-~~EPMwt760gNTZEai-PIY~EzJ2IJy2OtECUhpSjdW9eh4yKC56cHGAFFatHMNGZFdwB5tjBcoMA0HUoxyEzOchWIeaJJsfE~4cauFBh1hOE39OlBEK9aXXb63BtGSk9AxyEhnuXDam0FgCgLwm7pA4fVwTWp2njsg__&Key-Pair-Id=K3EI6M078Z3AC3,E:\Freelance\Research\D11_9_2025_Image_fixed_Detect\Project\T07FakeMediaDetect\sample_sets\external_hf_splicing_mix_100\forged\forged_48_row86.jpg,c9b0489f336bf922ab42ddf280f857c462ace53717d1bb6f05f3e5562c4f87b5
27,authentic,The image seems to be an original and unedited photograph.,https://datasets-server.huggingface.co/cached-assets/lorenzo-morelli/image-splicing-deepfake-mix/--/a071f3badf3b54c39b0ffa63d28ba35842515657/--/default/train/27/image/image.jpg?Expires=1772789144&Signature=tTZV1Ruz6ICmDVXX~HnecWnlphefdBP1Yq58IoUrKMl3FcmX6JPalktNLxHpcUwzzFrPw2bm0iRzMJLGLBum8yP0NqEXoKpu9YZ8S~7lLex59e0aDQH1LGJZDPjKJsoq46~pSU8QZp9iTi1dYf6qru2M6iOSq1yjX0hhJsAMywyJ0yiVU0RV~-A8TtsZtUGn7YLXRAD6DUTB2nsnrPWiT4NcT8EZnpymfeGis7Psx7A5CehSdTm8aV8dZDipjWid8agNGqsuNyOtKLr847TKQePRh2W7S0HrfyuG5SeGwSOQecq~h1LbKkG8SPBoKGtK5PpQiQFNrFMqyjhcbSlEgQ__&Key-Pair-Id=K3EI6M078Z3AC3,E:\Freelance\Research\D11_9_2025_Image_fixed_Detect\Project\T07FakeMediaDetect\sample_sets\external_hf_splicing_mix_100\authentic\authentic_44_row27.jpg,30a0d62c1c1e36eed7ef776662a3b6f72299c6fbb95c11839df9964b7ed340bc
38,authentic,There is no evidence of any manipulation in this image.,https://datasets-server.huggingface.co/cached-assets/lorenzo-morelli/image-splicing-deepfake-mix/--/a071f3badf3b54c39b0ffa63d28ba35842515657/--/default/train/38/image/image.jpg?Expires=1772789145&Signature=W~ZFOb~L2xtYBGmn~PkRm1bWQkaZqBF~UxhqJods-MRJqvm5xEDY7yWuSdad~wsrsWmKfpvGO2e7W6TtCL3nWX6Nlf~FM98nTx2eW~s5UvibDwpzXJYVIDEQyUxpmO5QQ4iUYrZGWdOQKcRfwhneXoRpBtRitCtMoZlZr2sli5ZH1G~lJZ6puUY08JXyF0re5r-PEy4vMVFqkwv2LiJeo6l6fGk6eGshXcBcpc88ZmkZDeOcGTRil-IKhBfm0HekCBplRbc5ro34DA16KkwGNQKIpN23XixkcGhpVk0Xm~6z0zrULM1xyJ2hhvHtqm69kXpyKGlfCxTPAaQsf7D05Q__&Key-Pair-Id=K3EI6M078Z3AC3,E:\Freelance\Research\D11_9_2025_Image_fixed_Detect\Project\T07FakeMediaDetect\sample_sets\external_hf_splicing_mix_100\authentic\authentic_45_row38.jpg,f03047c2c09c63814daf9aa7777718903baf4ec65e24d0d262c983191cba305a
80,authentic,This image appears to be genuine and unaltered.,https://datasets-server.huggingface.co/cached-assets/lorenzo-morelli/image-splicing-deepfake-mix/--/a071f3badf3b54c39b0ffa63d28ba35842515657/--/default/train/80/image/image.jpg?Expires=1772789145&Signature=PLb34pOEeuehb6QNTOb8DkqJ5-qIt4El2JUrcorM1uB~d-NwUqfzs5NFPAP1SYuNe3HU9mA3~2gYLGjn1CwyP~JVvdB~uSXgs3HSEZoAW~7~iQiwCou~-jZJ3knOiaQCejc4Q2cOET4JcIRs~hKdXg~ZWNK8fYs8LnatSS4iJ96QeulrzIuV71~AqF4-JCqGQyrDzJBuhMMkMtSfBz24Ija-uTQoVX3QQq3St1YLLQRC8UN0YJXGETf5xi5xAfxnaQTXgpbKY1INsi8cKfGs6EaoAcckMCpI~k-oOOhfq05jrXlGWDYOcnpwdjynuHocJRu1apKdoQ8T2mKPe2xBAA__&Key-Pair-Id=K3EI6M078Z3AC3,E:\Freelance\Research\D11_9_2025_Image_fixed_Detect\Project\T07FakeMediaDetect\sample_sets\external_hf_splicing_mix_100\authentic\authentic_46_row80.jpg,771272b109926e9e4da8aa9af75d50499ea3c912a14a641926fcb9dff2bbd5da
95,authentic,The image appears to be unmodified.,https://datasets-server.huggingface.co/cached-assets/lorenzo-morelli/image-splicing-deepfake-mix/--/a071f3badf3b54c39b0ffa63d28ba35842515657/--/default/train/95/image/image.jpg?Expires=1772789145&Signature=V5-gcYGN-6lY4hJLFXAm0uT6a2K0S1mJPq9S5kw2OEgtt2XN8NrmSze~CPXpj-jEmEkc1TV3cxZptgIHScFNSWkOvIsisLmJvsCqcuogkforJrwf1Bdtwft12x1GMszBJFjYJqnZ7XIJxi6zVlQ~JmeH~R7v2MW66GSCH~VpaYYqJ8PNzDzF9U~ElsYs1UkLHKeP5vbrR6AsBCLijr82be-e~FaC2X1F2KAESKwcSaRwL7LhUQtvenxkAXRgMBOfP6Pvot6XLLlMwpbaGLYxNH44zin9FeJgJulBTxs~IDF~oUzMvt86GCBGmhLiC1sZ455wleuRQcsZQvgv6LOZ~g__&Key-Pair-Id=K3EI6M078Z3AC3,E:\Freelance\Research\D11_9_2025_Image_fixed_Detect\Project\T07FakeMediaDetect\sample_sets\external_hf_splicing_mix_100\authentic\authentic_47_row95.jpg,8e7f35b78831eec4b9f229ef8508e7dd6c879294bdafc2e5df6a289631a16f85
128,authentic,The image seems to be an original and unedited photograph.,https://datasets-server.huggingface.co/cached-assets/lorenzo-morelli/image-splicing-deepfake-mix/--/a071f3badf3b54c39b0ffa63d28ba35842515657/--/default/train/128/image/image.jpg?Expires=1772789147&Signature=Oo43u0iKRYlsCxWQqJVxeKu6CcggIdiAIvuR2DcJiwrHAiM92Swe96lvIh-oi--SQaFg2mYYlUnOHH-NGKH7DfLRoTIOklAwlUD6qAQF8juepK-3rJwN7rZlhC4qwZS1DGLV9kbAY8xjo~fwzin1CttRr4ndZGj4GSkKCpXY4qlOmggj3p-nSMHOhjdZ8CmhUW6WgonExes8ne7wI7P8fLGSBmCm1rY-eA-WgFzCU6x~p~rwzCHSNZfXIhil3KTCxc36I7gRphK9FAXDqHXhGURttgnWSG~4Y6l7jtyyvxcOpcJSKP6cAE~H6DqVxfx-hjRryBTae5qib9lmsjNLwQ__&Key-Pair-Id=K3EI6M078Z3AC3,E:\Freelance\Research\D11_9_2025_Image_fixed_Detect\Project\T07FakeMediaDetect\sample_sets\external_hf_splicing_mix_100\authentic\authentic_48_row128.jpg,be17dd2bd730021b4a286bafab6e6515204f161ac3d6a51b46febd340885f01a
99,forged,It is evident that a picture of a vase with a fountain was spliced into the image.,https://datasets-server.huggingface.co/cached-assets/lorenzo-morelli/image-splicing-deepfake-mix/--/a071f3badf3b54c39b0ffa63d28ba35842515657/--/default/train/99/image/image.jpg?Expires=1772789145&Signature=KamP~2V2c2o1LJDzlzA7eohe9urrPWufvCJV74q05b0aREXkBT9n1s-OfE-qicBSzR24gAje9nOLxeoYnEOEwmWG95W77iZ89c-2x31kbWWhoAs8lOAi2hjlTJcp4CQIIbjQp-p0mkCXpvpJdmbwjjpwAqRIQMQUh7ySJcKUXbFsLXvmUm33qAmrsML2AtwBcSTz2aSEJZprX7NWr-bMkQk7aFZmc40kgO-DmgPJrjjE5a6IoXM7A665ksgknJWdBq~4ECyeDa7M4~w2sb0ukxFc8SlpwyqVEb03CQqM2bQkbWYjITXVLzAl96KlhfuYhmVPteHIrEyPiuQA-xwW6w__&Key-Pair-Id=K3EI6M078Z3AC3,E:\Freelance\Research\D11_9_2025_Image_fixed_Detect\Project\T07FakeMediaDetect\sample_sets\external_hf_splicing_mix_100\forged\forged_49_row99.jpg,9a90876292514b02414e5e66c9bb9511b6bc708964d8eda8b68bedc9df5b0952
6,authentic,No signs of digital manipulation are visible in this image.,https://datasets-server.huggingface.co/cached-assets/lorenzo-morelli/image-splicing-deepfake-mix/--/a071f3badf3b54c39b0ffa63d28ba35842515657/--/default/train/6/image/image.jpg?Expires=1772789145&Signature=HOQiX6BSZ6Kb5Te2x~OCHKH7BbpYcUz7XqZKQU84rVsnl9EtaoViBiuhjiGZGmmLHbC7glEeyPAzfFyj34LiR039mRtoO3Lh-oNElBpZA0NYDQv875aDxM6HgDvz2gQnoMV-ACy47QNXm2D9XJLTaKrQ8bXg2VAnXtZjzj4yb9kAC5p4vrWk1rU82nQQEypAoeixCWjSSdBUlsi4Atg2ezyHHKtgpwcV-h0ByQRd6Nv19D0otBm~h8UcR0wfKtvxtodqu1Xzm6g-vC5uIYEw0Z5fZpWPUgaHQgxygh~00CTlkUHaxMNWtExujK2rT2Xyhp6xlaoVAgwaEO4S9uYc2Q__&Key-Pair-Id=K3EI6M078Z3AC3,E:\Freelance\Research\D11_9_2025_Image_fixed_Detect\Project\T07FakeMediaDetect\sample_sets\external_hf_splicing_mix_100\authentic\authentic_49_row6.jpg,cabe3ecca8a62d5c8a90065eee891ba534c91a8de6e4d6bb7b487349ddd8c533
28,authentic,There is no evidence of any manipulation in this image.,https://datasets-server.huggingface.co/cached-assets/lorenzo-morelli/image-splicing-deepfake-mix/--/a071f3badf3b54c39b0ffa63d28ba35842515657/--/default/train/28/image/image.jpg?Expires=1772789144&Signature=J1bxFBihL2~mBlTtpE18LHVpzup4G0LLMHND7XveVWcTRuadjxF6-CqxGBMY6~FTWApYSnXVnmzBrKFZhuVKl15HqkrIkVkUkT5oN-um6Qh83qx~4tJjzz~lCihCjTmLt~m52Z2FfyNBVhe~g0MBpOCr-vFEC-0-LwTvFMVx677Jp1le-8FecawLjNDbKBYNDwiF3ujazKt1RcpVd3O96sNbbqSM9n8KY-XagOIGUfccV3Myqwb-raHN00CydCYG5WdJfc4tGlKM1mUwN11-gVq~pMpgm3AyMVpVZHAhT1VYduxNTL1i~CTpn61InqI9zfToX3azD4cxwwsahxraUw__&Key-Pair-Id=K3EI6M078Z3AC3,E:\Freelance\Research\D11_9_2025_Image_fixed_Detect\Project\T07FakeMediaDetect\sample_sets\external_hf_splicing_mix_100\authentic\authentic_50_row28.jpg,762315021cc7e754786691d99f3d1b7a6547f59dec5a0c0eb484dfd5674b3a23
78,forged,This clearly shows that a butterfly with a green and orange wing was inserted post-capture.,https://datasets-server.huggingface.co/cached-assets/lorenzo-morelli/image-splicing-deepfake-mix/--/a071f3badf3b54c39b0ffa63d28ba35842515657/--/default/train/78/image/image.jpg?Expires=1772789145&Signature=FfOejyRUNY6yHa8VJgv1n440CsNh3XfHmu0MTMjGsjzAHOD5pTVndNvq56G2AHeN6ipzBMPZiOr~Ww0s-FVte~s2tX50TSvO1BZcQZ5Glqu4T5y-TbSGLjQ05TQ~jQuGHDI0rIa-hPn5P0ka3rbJlhlehEeUlJ~mEB~IBzI~iE07-aHcMOXXSrn08EADqmIxZ7Czb8VGnmf2~DJhy1gNyc7bQMY5JamRaQ-kzZ1hXtEwTZ-d-FgLpL3HXbWdlS~ibhaxxT3Stg-Sn0CqeFDO-czXy3-5OEP8apn~IC9Syhy7t7Ktv4oU3SZwTWPSG0mSLnE0S~vaidxtvtrzDT6CsQ__&Key-Pair-Id=K3EI6M078Z3AC3,E:\Freelance\Research\D11_9_2025_Image_fixed_Detect\Project\T07FakeMediaDetect\sample_sets\external_hf_splicing_mix_100\forged\forged_50_row78.jpg,c00ce9165db63a3a638258586bf024e33b0af7b12cf969451b40d845414d0a02
